Mileage,Cylinder,Doors,Cruise,Sound,Leather,Buick,Cadillac,Chevy,Pontiac,Saab,Saturn,convertible,coupe,hatchback,sedan,wagon,Price
7278.0,4,4,0,0,0,0,0,1,0,0,0,0,0,0,1,0,less than 14273.074999999999
10213.0,4,4,0,0,1,0,0,1,0,0,0,0,0,0,1,0,less than 14273.074999999999
788.0,8,4,1,0,1,0,1,0,0,0,0,0,0,0,1,0,greater than 26717.3175
20156.0,4,4,0,1,1,0,0,1,0,0,0,0,0,1,0,0,less than 14273.074999999999
21128.0,4,4,0,1,1,0,0,1,0,0,0,0,0,0,1,0,between 14273.074999999999 and 18024.995
9135.0,6,4,1,1,0,1,0,0,0,0,0,0,0,0,1,0,between 14273.074999999999 and 18024.995
7372.0,4,2,1,1,1,0,0,1,0,0,0,0,1,0,0,0,less than 14273.074999999999
26250.0,8,4,1,1,1,0,1,0,0,0,0,0,0,0,1,0,greater than 26717.3175
17158.0,4,4,1,1,1,0,0,1,0,0,0,0,0,0,1,0,between 14273.074999999999 and 18024.995
22986.0,4,4,0,1,1,0,0,1,0,0,0,0,0,1,0,0,less than 14273.074999999999
14579.0,6,4,1,1,1,0,0,1,0,0,0,0,0,0,1,0,between 14273.074999999999 and 18024.995
18451.0,6,4,0,1,1,0,0,1,0,0,0,0,0,1,0,0,between 14273.074999999999 and 18024.995
19715.0,4,2,1,1,1,0,0,1,0,0,0,0,1,0,0,0,less than 14273.074999999999
32619.0,4,4,1,0,1,0,0,0,0,0,1,0,0,0,1,0,less than 14273.074999999999
26779.0,6,4,1,1,0,1,0,0,0,0,0,0,0,0,1,0,between 18024.995 and 26717.3175
2879.0,4,2,1,0,1,0,0,0,0,0,1,0,1,0,0,0,between 14273.074999999999 and 18024.995
24218.0,6,4,1,1,1,0,0,1,0,0,0,0,0,0,1,0,between 14273.074999999999 and 18024.995
7287.0,6,4,1,1,1,0,0,0,1,0,0,0,0,0,1,0,between 18024.995 and 26717.3175
16956.0,4,4,1,0,1,0,0,0,0,1,0,0,0,0,0,1,greater than 26717.3175
17508.0,8,4,1,0,1,0,1,0,0,0,0,0,0,0,1,0,greater than 26717.3175
21797.0,6,4,1,0,1,1,0,0,0,0,0,0,0,0,1,0,between 18024.995 and 26717.3175
23237.0,6,4,1,1,0,1,0,0,0,0,0,0,0,0,1,0,between 18024.995 and 26717.3175
14200.0,4,4,1,0,0,0,0,1,0,0,0,0,0,1,0,0,less than 14273.074999999999
5690.0,6,4,1,1,1,0,0,0,1,0,0,0,0,0,1,0,between 18024.995 and 26717.3175
19465.0,4,4,1,0,0,0,0,0,1,0,0,0,0,0,0,1,between 14273.074999999999 and 18024.995
24738.0,4,4,1,1,1,0,0,0,0,1,0,0,0,0,1,0,greater than 26717.3175
26034.0,4,2,0,0,1,0,0,0,0,0,1,0,1,0,0,0,less than 14273.074999999999
22105.0,4,4,1,0,1,0,0,0,0,1,0,0,0,0,0,1,greater than 26717.3175
34269.0,4,4,1,1,1,0,0,0,0,1,0,0,0,0,0,1,between 18024.995 and 26717.3175
23963.0,4,4,1,1,0,0,0,1,0,0,0,0,0,0,1,0,less than 14273.074999999999
18198.0,6,4,1,0,1,0,0,1,0,0,0,0,0,0,1,0,between 18024.995 and 26717.3175
36480.0,8,2,1,1,1,0,0,0,1,0,0,0,1,0,0,0,between 18024.995 and 26717.3175
23861.0,8,4,1,1,1,0,1,0,0,0,0,0,0,0,1,0,greater than 26717.3175
23323.0,4,4,0,1,1,0,0,0,1,0,0,0,0,0,0,1,between 14273.074999999999 and 18024.995
32458.0,4,4,0,0,0,0,0,0,0,0,1,0,0,0,1,0,less than 14273.074999999999
21417.0,6,4,0,1,1,0,0,1,0,0,0,0,0,0,1,0,between 14273.074999999999 and 18024.995
25979.0,6,4,1,1,0,0,0,0,0,0,1,0,0,0,1,0,between 14273.074999999999 and 18024.995
26980.0,6,4,1,1,0,0,0,1,0,0,0,0,0,0,1,0,between 14273.074999999999 and 18024.995
7054.0,8,2,1,0,1,0,0,1,0,0,0,0,1,0,0,0,greater than 26717.3175
29891.0,4,2,1,1,1,0,0,1,0,0,0,0,1,0,0,0,less than 14273.074999999999
21211.0,6,4,1,0,1,0,0,0,1,0,0,0,0,0,1,0,between 18024.995 and 26717.3175
18315.0,6,2,0,1,1,0,0,0,1,0,0,0,1,0,0,0,between 14273.074999999999 and 18024.995
11013.0,6,4,1,1,1,0,1,0,0,0,0,0,0,0,1,0,greater than 26717.3175
16951.0,4,2,0,1,0,0,0,0,0,0,1,0,1,0,0,0,between 14273.074999999999 and 18024.995
6761.0,6,2,1,1,1,0,0,0,1,0,0,0,1,0,0,0,between 14273.074999999999 and 18024.995
3625.0,8,2,1,1,1,0,0,1,0,0,0,1,0,0,0,0,greater than 26717.3175
25048.0,4,4,1,1,1,0,0,1,0,0,0,0,0,0,1,0,less than 14273.074999999999
25212.0,6,4,1,1,1,1,0,0,0,0,0,0,0,0,1,0,between 18024.995 and 26717.3175
38717.0,4,4,1,0,1,0,0,0,0,1,0,0,0,0,1,0,between 18024.995 and 26717.3175
5239.0,8,2,1,1,1,0,0,1,0,0,0,1,0,0,0,0,greater than 26717.3175
10011.0,4,4,0,0,1,0,0,1,0,0,0,0,0,1,0,0,less than 14273.074999999999
19818.0,4,4,0,1,1,0,0,1,0,0,0,0,0,0,1,0,between 14273.074999999999 and 18024.995
20682.0,4,2,1,1,1,0,0,1,0,0,0,0,1,0,0,0,less than 14273.074999999999
17488.0,6,4,0,1,1,0,0,1,0,0,0,0,0,1,0,0,between 14273.074999999999 and 18024.995
15755.0,6,4,1,1,0,1,0,0,0,0,0,0,0,0,1,0,between 18024.995 and 26717.3175
22479.0,4,2,0,1,1,0,0,1,0,0,0,0,1,0,0,0,less than 14273.074999999999
4537.0,6,4,1,1,0,0,0,0,1,0,0,0,0,0,1,0,between 18024.995 and 26717.3175
12313.0,6,4,1,0,1,0,0,0,1,0,0,0,0,0,1,0,between 18024.995 and 26717.3175
25357.0,4,4,1,0,1,0,0,0,0,1,0,0,0,0,0,1,greater than 26717.3175
10014.0,6,4,1,1,0,1,0,0,0,0,0,0,0,0,1,0,between 18024.995 and 26717.3175
31197.0,8,4,1,1,1,0,0,0,1,0,0,0,0,0,1,0,between 18024.995 and 26717.3175
17741.0,4,2,0,1,1,0,0,1,0,0,0,0,1,0,0,0,less than 14273.074999999999
2295.0,6,4,1,1,1,0,0,0,1,0,0,0,0,0,1,0,between 18024.995 and 26717.3175
18581.0,8,4,1,0,1,0,1,0,0,0,0,0,0,0,1,0,greater than 26717.3175
18147.0,6,4,1,1,1,1,0,0,0,0,0,0,0,0,1,0,between 18024.995 and 26717.3175
21386.0,4,2,1,1,1,0,0,1,0,0,0,0,1,0,0,0,less than 14273.074999999999
10625.0,6,4,1,1,1,0,1,0,0,0,0,0,0,0,1,0,greater than 26717.3175
21966.0,8,4,1,0,1,0,1,0,0,0,0,0,0,0,1,0,greater than 26717.3175
17451.0,6,4,0,1,1,0,0,1,0,0,0,0,0,0,1,0,between 14273.074999999999 and 18024.995
17381.0,4,2,1,1,1,0,0,0,0,1,0,1,0,0,0,0,greater than 26717.3175
37128.0,6,4,1,1,1,1,0,0,0,0,0,0,0,0,1,0,between 18024.995 and 26717.3175
23217.0,4,4,1,1,1,0,0,0,1,0,0,0,0,0,0,1,between 14273.074999999999 and 18024.995
12980.0,4,4,0,1,1,0,0,1,0,0,0,0,0,0,1,0,between 14273.074999999999 and 18024.995
14546.0,8,2,1,1,1,0,0,1,0,0,0,1,0,0,0,0,greater than 26717.3175
17594.0,4,4,0,1,1,0,0,1,0,0,0,0,0,0,1,0,less than 14273.074999999999
27906.0,4,4,0,0,0,0,0,1,0,0,0,0,0,1,0,0,less than 14273.074999999999
41829.0,8,4,1,1,1,0,1,0,0,0,0,0,0,0,1,0,greater than 26717.3175
21611.0,4,4,1,1,1,0,0,1,0,0,0,0,0,0,1,0,less than 14273.074999999999
6409.0,4,4,1,1,1,0,0,0,0,1,0,0,0,0,0,1,greater than 26717.3175
10340.0,4,2,1,1,0,0,0,0,0,1,0,1,0,0,0,0,greater than 26717.3175
25216.0,4,4,0,0,0,0,0,1,0,0,0,0,0,0,1,0,less than 14273.074999999999
20512.0,4,4,1,1,1,0,0,1,0,0,0,0,0,0,1,0,less than 14273.074999999999
27096.0,6,4,1,0,0,1,0,0,0,0,0,0,0,0,1,0,between 18024.995 and 26717.3175
19455.0,4,2,0,0,1,0,0,0,0,0,1,0,1,0,0,0,between 14273.074999999999 and 18024.995
31344.0,4,4,1,1,1,0,0,0,0,1,0,0,0,0,1,0,between 18024.995 and 26717.3175
19100.0,6,4,1,0,1,0,1,0,0,0,0,0,0,0,1,0,greater than 26717.3175
21039.0,6,4,1,0,1,0,1,0,0,0,0,0,0,0,1,0,greater than 26717.3175
18661.0,8,4,1,0,1,0,1,0,0,0,0,0,0,0,1,0,greater than 26717.3175
11273.0,4,4,1,1,0,0,0,0,0,1,0,0,0,0,1,0,greater than 26717.3175
2392.0,4,4,1,1,0,0,0,0,0,0,1,0,0,0,1,0,between 14273.074999999999 and 18024.995
19081.0,4,2,1,1,1,0,0,0,1,0,0,0,1,0,0,0,less than 14273.074999999999
21013.0,4,4,1,1,1,0,0,1,0,0,0,0,0,0,1,0,less than 14273.074999999999
20103.0,4,4,1,1,1,0,0,0,0,1,0,0,0,0,0,1,greater than 26717.3175
5827.0,6,2,1,0,0,0,0,1,0,0,0,0,1,0,0,0,between 18024.995 and 26717.3175
21661.0,4,2,1,0,1,0,0,0,0,1,0,1,0,0,0,0,greater than 26717.3175
2308.0,6,4,1,1,0,1,0,0,0,0,0,0,0,0,1,0,between 18024.995 and 26717.3175
18464.0,4,4,1,0,1,0,0,0,0,1,0,0,0,0,0,1,greater than 26717.3175
39946.0,4,4,1,1,1,0,0,1,0,0,0,0,0,0,1,0,less than 14273.074999999999
19273.0,4,4,1,1,0,0,0,1,0,0,0,0,0,0,1,0,less than 14273.074999999999
22414.0,6,2,0,1,1,0,0,0,1,0,0,0,1,0,0,0,between 14273.074999999999 and 18024.995
25247.0,4,4,1,1,1,0,0,0,0,1,0,0,0,0,1,0,greater than 26717.3175
20186.0,4,4,1,1,1,0,0,1,0,0,0,0,0,1,0,0,less than 14273.074999999999
24021.0,6,4,1,0,1,1,0,0,0,0,0,0,0,0,1,0,between 14273.074999999999 and 18024.995
20334.0,4,4,1,0,0,0,0,1,0,0,0,0,0,1,0,0,less than 14273.074999999999
18277.0,6,4,1,1,1,0,0,1,0,0,0,0,0,0,1,0,between 14273.074999999999 and 18024.995
4463.0,4,4,1,0,1,0,0,0,1,0,0,0,0,0,0,1,between 14273.074999999999 and 18024.995
21421.0,4,4,0,1,1,0,0,1,0,0,0,0,0,1,0,0,less than 14273.074999999999
6447.0,8,4,1,0,1,0,1,0,0,0,0,0,0,0,1,0,greater than 26717.3175
23204.0,4,4,1,1,1,0,0,0,0,1,0,0,0,0,1,0,greater than 26717.3175
31773.0,4,4,1,0,1,0,0,0,0,1,0,0,0,0,0,1,greater than 26717.3175
11981.0,4,4,1,1,1,0,0,1,0,0,0,0,0,0,1,0,less than 14273.074999999999
13776.0,4,2,0,1,1,0,0,1,0,0,0,0,1,0,0,0,less than 14273.074999999999
19894.0,4,4,1,0,0,0,0,0,1,0,0,0,0,0,0,1,between 14273.074999999999 and 18024.995
17270.0,4,4,0,1,1,0,0,1,0,0,0,0,0,0,1,0,less than 14273.074999999999
25169.0,8,2,1,1,1,0,0,1,0,0,0,1,0,0,0,0,greater than 26717.3175
15144.0,6,4,1,1,1,0,0,1,0,0,0,0,0,0,1,0,between 14273.074999999999 and 18024.995
12314.0,6,4,1,1,0,0,0,0,1,0,0,0,0,0,1,0,between 18024.995 and 26717.3175
14311.0,4,4,0,1,1,0,0,1,0,0,0,0,0,0,1,0,less than 14273.074999999999
17971.0,4,2,1,1,1,0,0,1,0,0,0,0,1,0,0,0,less than 14273.074999999999
3907.0,4,4,1,0,1,0,0,0,0,1,0,0,0,0,1,0,greater than 26717.3175
27484.0,6,4,1,1,1,0,1,0,0,0,0,0,0,0,1,0,greater than 26717.3175
13050.0,6,4,1,1,0,1,0,0,0,0,0,0,0,0,1,0,between 18024.995 and 26717.3175
22042.0,6,4,1,1,1,0,1,0,0,0,0,0,0,0,1,0,greater than 26717.3175
25794.0,8,4,1,0,1,0,0,0,1,0,0,0,0,0,1,0,between 18024.995 and 26717.3175
20575.0,8,4,1,0,1,0,1,0,0,0,0,0,0,0,1,0,greater than 26717.3175
27800.0,6,4,1,1,0,0,0,0,1,0,0,0,0,0,1,0,between 14273.074999999999 and 18024.995
18206.0,4,4,0,0,0,0,0,0,1,0,0,0,0,0,0,1,between 14273.074999999999 and 18024.995
27384.0,6,4,1,1,1,0,0,1,0,0,0,0,0,0,1,0,between 18024.995 and 26717.3175
22841.0,6,4,1,1,1,0,0,1,0,0,0,0,0,1,0,0,between 14273.074999999999 and 18024.995
22628.0,6,4,1,1,0,0,0,0,1,0,0,0,0,0,1,0,between 18024.995 and 26717.3175
32844.0,4,2,1,1,1,0,0,1,0,0,0,0,1,0,0,0,less than 14273.074999999999
15516.0,6,4,1,1,1,0,0,0,1,0,0,0,0,0,1,0,between 18024.995 and 26717.3175
21627.0,4,4,0,1,1,0,0,1,0,0,0,0,0,0,1,0,less than 14273.074999999999
30502.0,8,2,1,1,1,0,0,1,0,0,0,1,0,0,0,0,greater than 26717.3175
21567.0,6,4,1,0,1,0,0,1,0,0,0,0,0,0,1,0,between 14273.074999999999 and 18024.995
19816.0,4,4,1,1,1,0,0,1,0,0,0,0,0,0,1,0,less than 14273.074999999999
13145.0,4,2,0,1,1,0,0,0,1,0,0,0,1,0,0,0,less than 14273.074999999999
25464.0,6,4,1,1,0,1,0,0,0,0,0,0,0,0,1,0,between 14273.074999999999 and 18024.995
21512.0,6,4,1,1,0,0,0,1,0,0,0,0,0,0,1,0,between 18024.995 and 26717.3175
11619.0,8,2,1,1,1,0,0,1,0,0,0,0,1,0,0,0,greater than 26717.3175
14938.0,4,4,1,1,1,0,0,0,0,0,1,0,0,0,1,0,less than 14273.074999999999
8967.0,8,2,1,1,1,0,0,1,0,0,0,0,1,0,0,0,greater than 26717.3175
23124.0,8,4,1,1,1,0,1,0,0,0,0,0,0,0,1,0,greater than 26717.3175
22576.0,6,4,1,1,0,1,0,0,0,0,0,0,0,0,1,0,between 14273.074999999999 and 18024.995
41566.0,6,4,1,1,1,0,0,0,1,0,0,0,0,0,1,0,between 14273.074999999999 and 18024.995
23989.0,6,4,1,0,0,0,0,0,1,0,0,0,0,0,1,0,between 14273.074999999999 and 18024.995
21272.0,6,4,1,1,1,0,0,1,0,0,0,0,0,0,1,0,between 14273.074999999999 and 18024.995
22758.0,4,4,1,1,0,0,0,0,0,0,1,0,0,0,1,0,less than 14273.074999999999
21160.0,4,4,1,1,1,0,0,0,0,1,0,0,0,0,1,0,between 18024.995 and 26717.3175
18210.0,4,4,1,1,1,0,0,1,0,0,0,0,0,0,1,0,between 14273.074999999999 and 18024.995
22328.0,4,4,1,1,0,0,0,0,0,1,0,0,0,0,1,0,greater than 26717.3175
26400.0,4,4,1,1,0,0,0,0,0,1,0,0,0,0,1,0,greater than 26717.3175
20829.0,6,4,1,0,0,0,0,0,1,0,0,0,0,0,1,0,between 14273.074999999999 and 18024.995
18771.0,6,4,0,1,1,0,0,1,0,0,0,0,0,1,0,0,between 14273.074999999999 and 18024.995
19467.0,6,4,1,0,1,1,0,0,0,0,0,0,0,0,1,0,between 18024.995 and 26717.3175
19095.0,6,4,1,1,0,0,0,0,0,0,1,0,0,0,1,0,between 14273.074999999999 and 18024.995
21391.0,4,4,0,1,1,0,0,0,1,0,0,0,0,0,0,1,between 14273.074999999999 and 18024.995
9150.0,4,4,0,0,0,0,0,0,1,0,0,0,0,0,0,1,between 14273.074999999999 and 18024.995
14948.0,6,2,1,1,0,0,0,1,0,0,0,0,1,0,0,0,between 18024.995 and 26717.3175
16078.0,4,4,0,1,0,0,0,0,1,0,0,0,0,0,0,1,between 14273.074999999999 and 18024.995
5826.0,6,4,1,1,1,0,0,0,0,0,1,0,0,0,1,0,between 18024.995 and 26717.3175
18908.0,6,4,1,0,0,1,0,0,0,0,0,0,0,0,1,0,between 18024.995 and 26717.3175
18602.0,6,2,1,0,0,0,0,1,0,0,0,0,1,0,0,0,between 14273.074999999999 and 18024.995
19883.0,6,4,1,1,1,0,0,1,0,0,0,0,0,0,1,0,between 14273.074999999999 and 18024.995
27077.0,6,4,1,1,0,0,0,0,1,0,0,0,0,0,1,0,between 18024.995 and 26717.3175
10014.0,4,4,1,0,1,0,0,0,0,1,0,0,0,0,1,0,greater than 26717.3175
22479.0,4,2,1,0,0,0,0,0,0,1,0,1,0,0,0,0,greater than 26717.3175
24665.0,6,2,1,1,0,0,0,1,0,0,0,0,1,0,0,0,between 18024.995 and 26717.3175
26700.0,6,2,1,1,0,0,0,1,0,0,0,0,1,0,0,0,between 14273.074999999999 and 18024.995
25421.0,8,4,1,0,1,0,1,0,0,0,0,0,0,0,1,0,greater than 26717.3175
5936.0,6,4,0,1,1,0,0,1,0,0,0,0,0,1,0,0,between 18024.995 and 26717.3175
25557.0,6,4,1,0,1,0,0,0,1,0,0,0,0,0,1,0,between 18024.995 and 26717.3175
21974.0,6,4,1,0,0,0,0,0,1,0,0,0,0,0,1,0,between 14273.074999999999 and 18024.995
8345.0,6,2,1,0,1,0,0,1,0,0,0,0,1,0,0,0,between 18024.995 and 26717.3175
25869.0,6,4,1,0,0,1,0,0,0,0,0,0,0,0,1,0,between 18024.995 and 26717.3175
9561.0,4,4,0,1,1,0,0,1,0,0,0,0,0,0,1,0,less than 14273.074999999999
22729.0,6,2,1,0,0,0,0,1,0,0,0,0,1,0,0,0,between 18024.995 and 26717.3175
24027.0,6,4,1,0,1,1,0,0,0,0,0,0,0,0,1,0,between 18024.995 and 26717.3175
17319.0,4,4,1,0,1,0,0,0,0,1,0,0,0,0,1,0,greater than 26717.3175
20374.0,4,2,0,1,1,0,0,1,0,0,0,0,1,0,0,0,less than 14273.074999999999
22881.0,4,4,1,1,1,0,0,0,0,1,0,0,0,0,1,0,greater than 26717.3175
19112.0,4,2,1,1,1,0,0,0,0,1,0,1,0,0,0,0,greater than 26717.3175
23767.0,6,4,1,0,1,1,0,0,0,0,0,0,0,0,1,0,between 18024.995 and 26717.3175
5189.0,4,2,0,1,1,0,0,1,0,0,0,0,1,0,0,0,between 14273.074999999999 and 18024.995
25387.0,6,4,1,0,1,1,0,0,0,0,0,0,0,0,1,0,between 18024.995 and 26717.3175
21145.0,4,4,1,1,1,0,0,1,0,0,0,0,0,0,1,0,less than 14273.074999999999
15190.0,6,4,0,1,1,0,0,1,0,0,0,0,0,1,0,0,between 14273.074999999999 and 18024.995
24568.0,4,4,1,0,1,0,0,1,0,0,0,0,0,1,0,0,less than 14273.074999999999
14242.0,6,4,1,0,0,0,0,0,0,0,1,0,0,0,1,0,between 14273.074999999999 and 18024.995
21616.0,4,4,1,1,0,0,0,0,0,1,0,0,0,0,0,1,between 18024.995 and 26717.3175
24259.0,8,2,1,0,1,0,0,1,0,0,0,0,1,0,0,0,greater than 26717.3175
34175.0,4,4,1,1,0,0,0,0,0,1,0,0,0,0,1,0,between 18024.995 and 26717.3175
13196.0,6,4,1,1,0,1,0,0,0,0,0,0,0,0,1,0,between 14273.074999999999 and 18024.995
19500.0,4,4,1,0,1,0,0,0,0,0,1,0,0,0,1,0,less than 14273.074999999999
25862.0,4,4,0,1,1,0,0,1,0,0,0,0,0,0,1,0,less than 14273.074999999999
27721.0,6,4,1,0,1,0,0,0,1,0,0,0,0,0,1,0,between 18024.995 and 26717.3175
31324.0,6,4,1,1,1,1,0,0,0,0,0,0,0,0,1,0,between 18024.995 and 26717.3175
12420.0,4,4,0,1,1,0,0,0,1,0,0,0,0,0,1,0,between 14273.074999999999 and 18024.995
5131.0,6,2,0,1,1,0,0,0,1,0,0,0,1,0,0,0,between 14273.074999999999 and 18024.995
27364.0,4,2,1,1,1,0,0,1,0,0,0,0,1,0,0,0,less than 14273.074999999999
881.0,6,2,0,1,1,0,0,0,1,0,0,0,1,0,0,0,between 14273.074999999999 and 18024.995
24740.0,4,4,1,1,0,0,0,0,0,0,1,0,0,0,1,0,less than 14273.074999999999
3629.0,4,4,0,1,0,0,0,1,0,0,0,0,0,0,1,0,less than 14273.074999999999
32039.0,8,2,1,1,1,0,0,1,0,0,0,1,0,0,0,0,greater than 26717.3175
24069.0,4,4,0,1,0,0,0,0,0,0,1,0,0,0,1,0,less than 14273.074999999999
21929.0,8,4,1,1,1,0,0,0,1,0,0,0,0,0,1,0,between 18024.995 and 26717.3175
24583.0,6,4,0,1,1,0,0,1,0,0,0,0,0,1,0,0,between 14273.074999999999 and 18024.995
25218.0,4,4,1,0,1,0,0,0,0,1,0,0,0,0,0,1,between 18024.995 and 26717.3175
23200.0,4,2,1,1,1,0,0,1,0,0,0,0,1,0,0,0,less than 14273.074999999999
14115.0,6,4,1,1,0,0,0,1,0,0,0,0,0,0,1,0,between 18024.995 and 26717.3175
19800.0,6,4,1,1,1,1,0,0,0,0,0,0,0,0,1,0,between 18024.995 and 26717.3175
8970.0,6,4,1,1,0,1,0,0,0,0,0,0,0,0,1,0,between 18024.995 and 26717.3175
1169.0,4,2,0,1,1,0,0,1,0,0,0,0,1,0,0,0,between 14273.074999999999 and 18024.995
27431.0,4,4,0,1,1,0,0,1,0,0,0,0,0,0,1,0,less than 14273.074999999999
4836.0,4,4,1,1,0,0,0,0,0,1,0,0,0,0,0,1,greater than 26717.3175
20105.0,6,4,1,0,0,1,0,0,0,0,0,0,0,0,1,0,between 18024.995 and 26717.3175
14461.0,6,4,1,1,1,0,0,1,0,0,0,0,0,0,1,0,between 18024.995 and 26717.3175
10237.0,6,4,1,0,0,1,0,0,0,0,0,0,0,0,1,0,between 18024.995 and 26717.3175
21427.0,4,4,1,1,1,0,0,1,0,0,0,0,0,1,0,0,less than 14273.074999999999
7115.0,4,4,1,1,1,0,0,1,0,0,0,0,0,0,1,0,between 14273.074999999999 and 18024.995
30948.0,4,4,0,1,0,0,0,1,0,0,0,0,0,0,1,0,less than 14273.074999999999
25830.0,6,4,1,0,1,0,0,0,1,0,0,0,0,0,1,0,between 14273.074999999999 and 18024.995
2992.0,6,4,1,0,1,1,0,0,0,0,0,0,0,0,1,0,between 18024.995 and 26717.3175
19569.0,4,4,1,1,0,0,0,0,0,1,0,0,0,0,1,0,between 18024.995 and 26717.3175
18930.0,4,2,1,0,1,0,0,0,0,1,0,1,0,0,0,0,greater than 26717.3175
18449.0,6,4,1,1,1,0,1,0,0,0,0,0,0,0,1,0,greater than 26717.3175
2846.0,6,4,1,0,1,0,1,0,0,0,0,0,0,0,1,0,greater than 26717.3175
17020.0,6,4,0,1,1,0,0,1,0,0,0,0,0,1,0,0,between 14273.074999999999 and 18024.995
20043.0,4,4,0,1,1,0,0,1,0,0,0,0,0,0,1,0,less than 14273.074999999999
14521.0,4,4,0,1,0,0,0,1,0,0,0,0,0,1,0,0,less than 14273.074999999999
14095.0,8,4,1,0,1,0,1,0,0,0,0,0,0,0,1,0,greater than 26717.3175
25420.0,4,2,1,0,0,0,0,0,0,1,0,1,0,0,0,0,greater than 26717.3175
13162.0,4,2,1,0,1,0,0,0,0,1,0,1,0,0,0,0,greater than 26717.3175
24542.0,4,4,0,1,1,0,0,0,1,0,0,0,0,0,1,0,less than 14273.074999999999
16975.0,4,4,1,1,1,0,0,0,0,1,0,0,0,0,0,1,greater than 26717.3175
21452.0,6,4,0,1,1,0,0,1,0,0,0,0,0,1,0,0,between 14273.074999999999 and 18024.995
23460.0,6,4,0,1,1,0,0,1,0,0,0,0,0,1,0,0,between 14273.074999999999 and 18024.995
3828.0,4,2,1,1,1,0,0,0,0,1,0,1,0,0,0,0,greater than 26717.3175
27476.0,6,4,0,1,1,0,0,1,0,0,0,0,0,0,1,0,between 14273.074999999999 and 18024.995
28408.0,4,2,0,1,1,0,0,1,0,0,0,0,1,0,0,0,less than 14273.074999999999
25727.0,4,4,1,1,1,0,0,1,0,0,0,0,0,0,1,0,less than 14273.074999999999
28598.0,4,4,1,1,1,0,0,0,0,1,0,0,0,0,1,0,greater than 26717.3175
25869.0,4,4,0,0,0,0,0,1,0,0,0,0,0,0,1,0,less than 14273.074999999999
14754.0,6,4,0,1,1,0,0,1,0,0,0,0,0,1,0,0,between 18024.995 and 26717.3175
12052.0,6,4,1,1,0,1,0,0,0,0,0,0,0,0,1,0,greater than 26717.3175
22225.0,4,4,0,0,0,0,0,1,0,0,0,0,0,1,0,0,less than 14273.074999999999
583.0,8,2,1,1,1,0,1,0,0,0,0,1,0,0,0,0,greater than 26717.3175
19565.0,4,4,0,1,1,0,0,1,0,0,0,0,0,0,1,0,less than 14273.074999999999
8687.0,6,4,0,1,1,0,0,1,0,0,0,0,0,1,0,0,between 18024.995 and 26717.3175
23931.0,4,2,0,1,1,0,0,0,1,0,0,0,1,0,0,0,less than 14273.074999999999
22298.0,4,4,1,1,1,0,0,0,0,1,0,0,0,0,0,1,greater than 26717.3175
22405.0,4,2,0,1,1,0,0,1,0,0,0,0,1,0,0,0,less than 14273.074999999999
22596.0,6,4,1,0,0,1,0,0,0,0,0,0,0,0,1,0,between 18024.995 and 26717.3175
16193.0,8,2,1,0,1,0,0,0,1,0,0,0,1,0,0,0,greater than 26717.3175
11393.0,6,4,1,1,1,0,0,1,0,0,0,0,0,0,1,0,between 14273.074999999999 and 18024.995
12920.0,4,2,1,0,0,0,0,0,0,0,1,0,1,0,0,0,between 14273.074999999999 and 18024.995
23426.0,4,4,1,1,1,0,0,0,0,1,0,0,0,0,0,1,greater than 26717.3175
36566.0,4,4,0,1,1,0,0,1,0,0,0,0,0,0,1,0,less than 14273.074999999999
17053.0,4,4,0,0,1,0,0,0,1,0,0,0,0,0,0,1,between 14273.074999999999 and 18024.995
25697.0,6,4,1,1,1,0,0,1,0,0,0,0,0,0,1,0,between 14273.074999999999 and 18024.995
27544.0,8,4,1,1,1,0,1,0,0,0,0,0,0,0,1,0,greater than 26717.3175
8732.0,6,4,0,1,1,0,0,1,0,0,0,0,0,0,1,0,between 14273.074999999999 and 18024.995
25598.0,6,4,1,0,0,0,0,0,1,0,0,0,0,0,1,0,between 14273.074999999999 and 18024.995
12791.0,8,4,1,1,1,0,1,0,0,0,0,0,0,0,1,0,greater than 26717.3175
10577.0,6,4,1,1,1,1,0,0,0,0,0,0,0,0,1,0,between 18024.995 and 26717.3175
21307.0,4,4,0,0,0,0,0,0,1,0,0,0,0,0,0,1,between 14273.074999999999 and 18024.995
18721.0,6,4,0,1,1,0,0,1,0,0,0,0,0,1,0,0,between 14273.074999999999 and 18024.995
17417.0,6,4,1,1,1,0,0,0,1,0,0,0,0,0,1,0,between 18024.995 and 26717.3175
22626.0,6,2,1,1,0,0,0,1,0,0,0,0,1,0,0,0,between 18024.995 and 26717.3175
26276.0,4,4,1,1,1,0,0,0,0,1,0,0,0,0,1,0,greater than 26717.3175
19539.0,6,4,1,0,0,0,0,0,1,0,0,0,0,0,1,0,between 18024.995 and 26717.3175
25240.0,6,2,1,1,1,0,0,1,0,0,0,0,1,0,0,0,between 18024.995 and 26717.3175
29420.0,6,4,1,1,1,0,0,1,0,0,0,0,0,0,1,0,between 18024.995 and 26717.3175
27560.0,4,4,1,1,1,0,0,1,0,0,0,0,0,0,1,0,less than 14273.074999999999
18910.0,4,4,0,1,1,0,0,1,0,0,0,0,0,0,1,0,between 14273.074999999999 and 18024.995
2616.0,8,4,1,1,1,0,1,0,0,0,0,0,0,0,1,0,greater than 26717.3175
25163.0,8,4,1,0,1,0,1,0,0,0,0,0,0,0,1,0,greater than 26717.3175
7645.0,6,4,0,1,1,0,0,1,0,0,0,0,0,1,0,0,between 18024.995 and 26717.3175
14743.0,8,4,1,0,1,0,1,0,0,0,0,0,0,0,1,0,greater than 26717.3175
4188.0,4,4,1,1,1,0,0,0,1,0,0,0,0,0,1,0,between 14273.074999999999 and 18024.995
12101.0,4,4,0,0,1,0,0,1,0,0,0,0,0,1,0,0,less than 14273.074999999999
21684.0,4,4,0,1,1,0,0,1,0,0,0,0,0,0,1,0,less than 14273.074999999999
8017.0,4,4,1,0,1,0,0,0,0,1,0,0,0,0,1,0,greater than 26717.3175
16554.0,6,4,1,1,1,0,0,0,1,0,0,0,0,0,1,0,between 18024.995 and 26717.3175
21208.0,4,2,1,1,0,0,0,0,0,1,0,1,0,0,0,0,greater than 26717.3175
19898.0,4,2,1,1,1,0,0,1,0,0,0,0,1,0,0,0,less than 14273.074999999999
21121.0,6,4,1,1,0,0,0,0,1,0,0,0,0,0,1,0,between 14273.074999999999 and 18024.995
13973.0,6,4,1,1,1,0,1,0,0,0,0,0,0,0,1,0,greater than 26717.3175
22272.0,4,4,1,1,1,0,0,0,0,1,0,0,0,0,1,0,between 18024.995 and 26717.3175
25564.0,6,4,1,1,1,1,0,0,0,0,0,0,0,0,1,0,between 18024.995 and 26717.3175
18910.0,6,4,1,0,1,1,0,0,0,0,0,0,0,0,1,0,between 18024.995 and 26717.3175
32462.0,6,4,0,1,1,0,0,1,0,0,0,0,0,0,1,0,between 14273.074999999999 and 18024.995
865.0,4,4,1,1,1,0,0,1,0,0,0,0,0,0,1,0,between 14273.074999999999 and 18024.995
20907.0,4,4,1,0,1,0,0,0,0,1,0,0,0,0,0,1,greater than 26717.3175
13449.0,8,4,1,1,1,0,1,0,0,0,0,0,0,0,1,0,greater than 26717.3175
21304.0,6,4,1,1,0,0,0,0,1,0,0,0,0,0,1,0,between 14273.074999999999 and 18024.995
14568.0,4,4,1,1,1,0,0,0,0,1,0,0,0,0,1,0,greater than 26717.3175
31791.0,4,4,1,1,1,0,0,0,1,0,0,0,0,0,0,1,between 14273.074999999999 and 18024.995
24568.0,4,2,1,1,1,0,0,1,0,0,0,0,1,0,0,0,less than 14273.074999999999
1853.0,6,4,1,0,0,0,0,1,0,0,0,0,0,0,1,0,between 18024.995 and 26717.3175
26143.0,4,2,1,1,1,0,0,1,0,0,0,0,1,0,0,0,less than 14273.074999999999
23371.0,8,4,1,0,1,0,1,0,0,0,0,0,0,0,1,0,greater than 26717.3175
33892.0,6,4,1,0,0,0,0,1,0,0,0,0,0,0,1,0,between 18024.995 and 26717.3175
21829.0,6,4,0,1,1,0,0,1,0,0,0,0,0,1,0,0,between 14273.074999999999 and 18024.995
28242.0,6,4,1,1,1,0,0,1,0,0,0,0,0,0,1,0,between 18024.995 and 26717.3175
20917.0,6,2,1,1,1,0,0,0,1,0,0,0,1,0,0,0,between 14273.074999999999 and 18024.995
16508.0,6,4,1,0,1,1,0,0,0,0,0,0,0,0,1,0,between 18024.995 and 26717.3175
24163.0,4,4,0,1,1,0,0,1,0,0,0,0,0,0,1,0,less than 14273.074999999999
33345.0,6,2,1,0,0,0,0,1,0,0,0,0,1,0,0,0,between 14273.074999999999 and 18024.995
24905.0,6,4,1,1,1,0,0,1,0,0,0,0,0,1,0,0,between 14273.074999999999 and 18024.995
20910.0,8,4,1,0,1,0,1,0,0,0,0,0,0,0,1,0,greater than 26717.3175
25069.0,4,4,1,1,1,0,0,1,0,0,0,0,0,0,1,0,less than 14273.074999999999
23852.0,6,4,1,1,0,1,0,0,0,0,0,0,0,0,1,0,between 18024.995 and 26717.3175
11836.0,4,4,0,0,0,0,0,0,0,0,1,0,0,0,1,0,less than 14273.074999999999
21461.0,4,4,0,0,0,0,0,0,1,0,0,0,0,0,0,1,between 14273.074999999999 and 18024.995
19593.0,6,4,1,1,1,0,0,1,0,0,0,0,0,0,1,0,between 14273.074999999999 and 18024.995
17480.0,6,4,1,1,0,1,0,0,0,0,0,0,0,0,1,0,between 18024.995 and 26717.3175
25380.0,4,4,1,0,1,0,0,0,0,1,0,0,0,0,0,1,greater than 26717.3175
20530.0,4,4,0,1,1,0,0,1,0,0,0,0,0,0,1,0,less than 14273.074999999999
27686.0,4,4,1,0,0,0,0,0,0,1,0,0,0,0,1,0,between 18024.995 and 26717.3175
15253.0,4,4,1,0,0,0,0,1,0,0,0,0,0,0,1,0,less than 14273.074999999999
19854.0,4,4,1,1,1,0,0,0,0,1,0,0,0,0,1,0,greater than 26717.3175
14363.0,6,4,1,1,1,1,0,0,0,0,0,0,0,0,1,0,between 18024.995 and 26717.3175
8615.0,4,4,0,1,1,0,0,1,0,0,0,0,0,0,1,0,less than 14273.074999999999
23491.0,6,2,1,1,0,0,0,1,0,0,0,0,1,0,0,0,between 14273.074999999999 and 18024.995
25550.0,6,2,1,1,1,0,0,1,0,0,0,0,1,0,0,0,between 18024.995 and 26717.3175
33357.0,6,4,1,1,1,0,0,1,0,0,0,0,0,0,1,0,between 14273.074999999999 and 18024.995
28492.0,4,2,0,1,1,0,0,1,0,0,0,0,1,0,0,0,less than 14273.074999999999
26204.0,4,4,0,1,1,0,0,1,0,0,0,0,0,0,1,0,less than 14273.074999999999
20870.0,6,4,1,0,0,0,0,0,1,0,0,0,0,0,1,0,between 18024.995 and 26717.3175
19521.0,8,4,1,1,1,0,0,0,1,0,0,0,0,0,1,0,between 18024.995 and 26717.3175
10036.0,6,4,1,1,1,1,0,0,0,0,0,0,0,0,1,0,between 18024.995 and 26717.3175
19419.0,6,4,1,1,0,0,0,0,1,0,0,0,0,0,1,0,between 18024.995 and 26717.3175
27776.0,4,4,1,0,0,0,0,1,0,0,0,0,0,0,1,0,less than 14273.074999999999
19740.0,6,4,1,1,1,0,0,1,0,0,0,0,0,1,0,0,between 14273.074999999999 and 18024.995
9410.0,8,2,1,1,1,0,0,1,0,0,0,0,1,0,0,0,greater than 26717.3175
21132.0,6,4,1,1,1,0,0,0,1,0,0,0,0,0,1,0,between 18024.995 and 26717.3175
29368.0,6,4,1,1,0,0,0,1,0,0,0,0,0,0,1,0,between 14273.074999999999 and 18024.995
30056.0,4,4,1,1,1,0,0,1,0,0,0,0,0,1,0,0,less than 14273.074999999999
5144.0,4,4,1,1,0,0,0,0,0,1,0,0,0,0,1,0,greater than 26717.3175
12115.0,8,2,1,0,1,0,0,1,0,0,0,1,0,0,0,0,greater than 26717.3175
21778.0,6,4,1,0,1,0,1,0,0,0,0,0,0,0,1,0,greater than 26717.3175
25489.0,6,4,1,1,1,1,0,0,0,0,0,0,0,0,1,0,between 18024.995 and 26717.3175
21181.0,4,4,1,1,1,0,0,1,0,0,0,0,0,0,1,0,less than 14273.074999999999
24067.0,6,2,1,0,0,0,0,1,0,0,0,0,1,0,0,0,between 18024.995 and 26717.3175
23635.0,4,2,1,0,0,0,0,0,0,1,0,1,0,0,0,0,greater than 26717.3175
12610.0,4,4,1,1,1,0,0,0,1,0,0,0,0,0,0,1,between 14273.074999999999 and 18024.995
9795.0,4,4,1,1,1,0,0,0,0,1,0,0,0,0,1,0,greater than 26717.3175
5350.0,4,4,0,1,1,0,0,0,1,0,0,0,0,0,1,0,between 14273.074999999999 and 18024.995
12071.0,6,2,1,1,1,0,0,0,1,0,0,0,1,0,0,0,between 14273.074999999999 and 18024.995
9185.0,8,2,1,1,1,0,0,0,1,0,0,0,1,0,0,0,greater than 26717.3175
26511.0,6,4,1,0,1,0,0,0,1,0,0,0,0,0,1,0,between 14273.074999999999 and 18024.995
23055.0,4,4,1,1,1,0,0,0,0,1,0,0,0,0,1,0,between 18024.995 and 26717.3175
28298.0,4,4,0,1,0,0,0,0,0,0,1,0,0,0,1,0,less than 14273.074999999999
23143.0,4,4,1,1,1,0,0,0,0,1,0,0,0,0,1,0,greater than 26717.3175
18511.0,4,4,0,1,1,0,0,0,0,0,1,0,0,0,1,0,between 14273.074999999999 and 18024.995
13318.0,4,4,0,0,1,0,0,0,0,0,1,0,0,0,1,0,less than 14273.074999999999
18661.0,8,4,1,0,1,0,1,0,0,0,0,0,0,0,1,0,greater than 26717.3175
25956.0,6,4,0,1,1,0,0,1,0,0,0,0,0,0,1,0,between 14273.074999999999 and 18024.995
14630.0,4,4,0,1,1,0,0,1,0,0,0,0,0,0,1,0,less than 14273.074999999999
14304.0,4,4,0,0,1,0,0,0,1,0,0,0,0,0,0,1,between 14273.074999999999 and 18024.995
50387.0,4,4,1,0,1,0,0,0,0,1,0,0,0,0,1,0,between 18024.995 and 26717.3175
19830.0,4,4,1,1,1,0,0,0,0,1,0,0,0,0,0,1,greater than 26717.3175
9049.0,6,4,1,1,1,0,0,0,1,0,0,0,0,0,1,0,between 18024.995 and 26717.3175
7476.0,6,4,1,1,1,0,1,0,0,0,0,0,0,0,1,0,greater than 26717.3175
28239.0,6,4,0,1,1,0,0,1,0,0,0,0,0,0,1,0,between 14273.074999999999 and 18024.995
18805.0,4,4,1,1,1,0,0,0,0,1,0,0,0,0,0,1,greater than 26717.3175
10800.0,4,4,1,1,0,0,0,0,0,1,0,0,0,0,1,0,greater than 26717.3175
30404.0,6,4,1,0,0,0,0,0,1,0,0,0,0,0,1,0,between 14273.074999999999 and 18024.995
26788.0,4,2,0,0,1,0,0,0,0,0,1,0,1,0,0,0,less than 14273.074999999999
1787.0,6,4,1,0,0,0,0,1,0,0,0,0,0,0,1,0,between 18024.995 and 26717.3175
17139.0,4,4,1,0,1,0,0,0,0,0,1,0,0,0,1,0,less than 14273.074999999999
21492.0,4,4,1,1,1,0,0,1,0,0,0,0,0,0,1,0,less than 14273.074999999999
21796.0,4,2,1,1,1,0,0,1,0,0,0,0,1,0,0,0,less than 14273.074999999999
6420.0,8,2,1,1,1,0,1,0,0,0,0,1,0,0,0,0,greater than 26717.3175
7961.0,6,4,0,1,1,0,0,1,0,0,0,0,0,0,1,0,between 18024.995 and 26717.3175
18533.0,4,4,1,1,1,0,0,1,0,0,0,0,0,0,1,0,between 14273.074999999999 and 18024.995
16163.0,4,4,0,0,1,0,0,0,0,0,1,0,0,0,1,0,less than 14273.074999999999
28398.0,4,4,0,0,0,0,0,0,0,0,1,0,0,0,1,0,less than 14273.074999999999
29680.0,4,4,0,0,1,0,0,1,0,0,0,0,0,1,0,0,less than 14273.074999999999
33962.0,4,4,0,0,0,0,0,0,0,0,1,0,0,0,1,0,less than 14273.074999999999
28354.0,6,4,1,0,0,0,0,0,1,0,0,0,0,0,1,0,between 18024.995 and 26717.3175
14281.0,4,4,1,1,1,0,0,0,0,1,0,0,0,0,1,0,greater than 26717.3175
9380.0,6,2,0,1,1,0,0,0,1,0,0,0,1,0,0,0,between 14273.074999999999 and 18024.995
20751.0,6,4,1,1,1,0,0,0,1,0,0,0,0,0,1,0,between 14273.074999999999 and 18024.995
22021.0,4,4,1,1,1,0,0,0,0,1,0,0,0,0,1,0,greater than 26717.3175
24008.0,6,4,1,0,0,1,0,0,0,0,0,0,0,0,1,0,between 18024.995 and 26717.3175
18339.0,6,4,1,1,0,1,0,0,0,0,0,0,0,0,1,0,between 18024.995 and 26717.3175
16688.0,4,4,1,0,0,0,0,0,0,1,0,0,0,0,1,0,greater than 26717.3175
6114.0,4,4,1,1,1,0,0,1,0,0,0,0,0,0,1,0,between 14273.074999999999 and 18024.995
21891.0,4,2,1,1,1,0,0,0,1,0,0,0,1,0,0,0,less than 14273.074999999999
21056.0,6,4,1,1,1,0,1,0,0,0,0,0,0,0,1,0,greater than 26717.3175
21367.0,8,4,1,1,1,0,1,0,0,0,0,0,0,0,1,0,greater than 26717.3175
23359.0,6,4,1,1,1,1,0,0,0,0,0,0,0,0,1,0,between 18024.995 and 26717.3175
15087.0,4,4,1,1,1,0,0,0,0,1,0,0,0,0,1,0,greater than 26717.3175
22211.0,8,4,1,0,1,0,1,0,0,0,0,0,0,0,1,0,greater than 26717.3175
19832.0,6,4,1,0,1,1,0,0,0,0,0,0,0,0,1,0,between 14273.074999999999 and 18024.995
38866.0,4,4,1,1,1,0,0,1,0,0,0,0,0,0,1,0,less than 14273.074999999999
20484.0,6,4,1,1,0,0,0,0,0,0,1,0,0,0,1,0,between 14273.074999999999 and 18024.995
29410.0,4,4,1,1,1,0,0,1,0,0,0,0,0,0,1,0,less than 14273.074999999999
23612.0,6,4,1,0,1,1,0,0,0,0,0,0,0,0,1,0,between 18024.995 and 26717.3175
25049.0,4,2,1,0,0,0,0,0,0,1,0,1,0,0,0,0,greater than 26717.3175
17711.0,4,2,1,1,0,0,0,0,0,1,0,1,0,0,0,0,greater than 26717.3175
21167.0,4,2,1,1,0,0,0,0,0,1,0,1,0,0,0,0,greater than 26717.3175
25014.0,4,4,1,1,1,0,0,1,0,0,0,0,0,0,1,0,less than 14273.074999999999
27249.0,4,2,1,1,1,0,0,1,0,0,0,0,1,0,0,0,less than 14273.074999999999
21675.0,6,4,1,1,1,0,0,1,0,0,0,0,0,0,1,0,between 14273.074999999999 and 18024.995
19225.0,4,2,1,1,1,0,0,0,1,0,0,0,1,0,0,0,less than 14273.074999999999
18195.0,4,2,1,1,0,0,0,0,0,1,0,1,0,0,0,0,greater than 26717.3175
27887.0,4,4,0,0,0,0,0,0,1,0,0,0,0,0,0,1,between 14273.074999999999 and 18024.995
20100.0,4,4,0,1,0,0,0,1,0,0,0,0,0,1,0,0,less than 14273.074999999999
25453.0,6,4,1,0,1,0,0,1,0,0,0,0,0,0,1,0,between 14273.074999999999 and 18024.995
2202.0,8,4,1,1,1,0,1,0,0,0,0,0,0,0,1,0,greater than 26717.3175
8125.0,8,4,1,0,1,0,1,0,0,0,0,0,0,0,1,0,greater than 26717.3175
12772.0,6,4,1,1,0,0,0,0,1,0,0,0,0,0,1,0,between 18024.995 and 26717.3175
25394.0,6,4,0,1,1,0,0,1,0,0,0,0,0,0,1,0,between 14273.074999999999 and 18024.995
27940.0,6,4,1,0,0,0,0,1,0,0,0,0,0,0,1,0,between 18024.995 and 26717.3175
21702.0,6,4,1,0,0,0,0,0,1,0,0,0,0,0,1,0,between 18024.995 and 26717.3175
36074.0,8,4,1,0,1,0,1,0,0,0,0,0,0,0,1,0,greater than 26717.3175
21593.0,8,4,1,0,1,0,1,0,0,0,0,0,0,0,1,0,greater than 26717.3175
18391.0,4,4,0,1,1,0,0,0,1,0,0,0,0,0,0,1,between 14273.074999999999 and 18024.995
31587.0,8,4,1,0,1,0,1,0,0,0,0,0,0,0,1,0,greater than 26717.3175
23886.0,8,2,1,0,1,0,0,0,1,0,0,0,1,0,0,0,greater than 26717.3175
25065.0,4,4,0,1,0,0,0,1,0,0,0,0,0,0,1,0,less than 14273.074999999999
28683.0,4,4,0,1,1,0,0,1,0,0,0,0,0,0,1,0,less than 14273.074999999999
22152.0,6,2,1,1,1,0,0,1,0,0,0,0,1,0,0,0,between 18024.995 and 26717.3175
11229.0,6,4,1,1,0,0,0,0,1,0,0,0,0,0,1,0,between 18024.995 and 26717.3175
16633.0,6,4,1,1,0,1,0,0,0,0,0,0,0,0,1,0,between 18024.995 and 26717.3175
37345.0,4,4,0,1,1,0,0,1,0,0,0,0,0,0,1,0,less than 14273.074999999999
16041.0,8,4,1,0,1,0,1,0,0,0,0,0,0,0,1,0,greater than 26717.3175
19498.0,6,4,1,0,0,0,0,1,0,0,0,0,0,0,1,0,between 14273.074999999999 and 18024.995
23193.0,8,2,1,1,1,0,1,0,0,0,0,1,0,0,0,0,greater than 26717.3175
11156.0,4,4,0,1,1,0,0,1,0,0,0,0,0,0,1,0,less than 14273.074999999999
23748.0,4,4,0,1,1,0,0,1,0,0,0,0,0,0,1,0,less than 14273.074999999999
22236.0,6,4,1,1,0,1,0,0,0,0,0,0,0,0,1,0,between 14273.074999999999 and 18024.995
26034.0,6,4,1,1,1,1,0,0,0,0,0,0,0,0,1,0,between 18024.995 and 26717.3175
24992.0,6,4,1,0,0,0,0,0,1,0,0,0,0,0,1,0,between 18024.995 and 26717.3175
16229.0,6,4,1,0,0,0,0,0,0,0,1,0,0,0,1,0,between 14273.074999999999 and 18024.995
35326.0,6,4,1,1,1,0,1,0,0,0,0,0,0,0,1,0,greater than 26717.3175
30297.0,4,2,1,1,1,0,0,1,0,0,0,0,1,0,0,0,less than 14273.074999999999
24052.0,8,4,1,0,1,0,1,0,0,0,0,0,0,0,1,0,greater than 26717.3175
19014.0,4,4,0,1,1,0,0,1,0,0,0,0,0,0,1,0,less than 14273.074999999999
25245.0,6,4,1,0,0,1,0,0,0,0,0,0,0,0,1,0,between 18024.995 and 26717.3175
27325.0,6,4,1,1,1,1,0,0,0,0,0,0,0,0,1,0,between 14273.074999999999 and 18024.995
11221.0,6,4,1,1,1,0,0,0,1,0,0,0,0,0,1,0,between 18024.995 and 26717.3175
25153.0,8,4,1,0,1,0,1,0,0,0,0,0,0,0,1,0,greater than 26717.3175
27574.0,6,4,1,0,0,0,0,0,1,0,0,0,0,0,1,0,between 18024.995 and 26717.3175
24559.0,4,2,1,0,0,0,0,0,0,1,0,1,0,0,0,0,greater than 26717.3175
20453.0,6,4,1,1,0,1,0,0,0,0,0,0,0,0,1,0,between 18024.995 and 26717.3175
13404.0,4,4,1,1,0,0,0,1,0,0,0,0,0,0,1,0,less than 14273.074999999999
16342.0,6,4,1,0,0,1,0,0,0,0,0,0,0,0,1,0,between 14273.074999999999 and 18024.995
29649.0,6,4,1,1,1,1,0,0,0,0,0,0,0,0,1,0,between 18024.995 and 26717.3175
24747.0,6,4,1,1,1,0,0,0,1,0,0,0,0,0,1,0,between 18024.995 and 26717.3175
18257.0,4,4,0,1,1,0,0,0,0,0,1,0,0,0,1,0,less than 14273.074999999999
22826.0,4,4,0,0,1,0,0,0,0,0,1,0,0,0,1,0,less than 14273.074999999999
19699.0,4,4,0,0,1,0,0,1,0,0,0,0,0,1,0,0,less than 14273.074999999999
15898.0,6,2,1,0,0,0,0,1,0,0,0,0,1,0,0,0,between 14273.074999999999 and 18024.995
15104.0,8,4,1,0,1,0,1,0,0,0,0,0,0,0,1,0,greater than 26717.3175
2189.0,6,4,1,1,1,0,0,0,1,0,0,0,0,0,1,0,between 18024.995 and 26717.3175
25052.0,6,4,1,1,0,1,0,0,0,0,0,0,0,0,1,0,between 14273.074999999999 and 18024.995
40719.0,4,4,1,1,1,0,0,0,0,1,0,0,0,0,0,1,between 18024.995 and 26717.3175
18419.0,6,4,1,1,1,0,0,0,1,0,0,0,0,0,1,0,between 18024.995 and 26717.3175
26097.0,4,2,0,1,1,0,0,0,1,0,0,0,1,0,0,0,less than 14273.074999999999
23645.0,4,2,0,0,0,0,0,0,0,0,1,0,1,0,0,0,less than 14273.074999999999
18187.0,4,4,1,1,1,0,0,0,0,1,0,0,0,0,0,1,greater than 26717.3175
27438.0,4,4,0,0,1,0,0,0,1,0,0,0,0,0,0,1,between 14273.074999999999 and 18024.995
16958.0,4,4,0,1,1,0,0,1,0,0,0,0,0,0,1,0,less than 14273.074999999999
23798.0,6,4,1,0,1,1,0,0,0,0,0,0,0,0,1,0,between 18024.995 and 26717.3175
27231.0,4,2,0,1,0,0,0,0,0,0,1,0,1,0,0,0,less than 14273.074999999999
23133.0,6,4,1,1,1,0,0,1,0,0,0,0,0,0,1,0,between 14273.074999999999 and 18024.995
11647.0,6,2,1,0,1,0,0,1,0,0,0,0,1,0,0,0,between 18024.995 and 26717.3175
14452.0,8,4,1,0,1,0,1,0,0,0,0,0,0,0,1,0,greater than 26717.3175
31471.0,6,4,1,1,0,0,0,0,1,0,0,0,0,0,1,0,between 14273.074999999999 and 18024.995
2464.0,4,4,0,1,1,0,0,1,0,0,0,0,0,0,1,0,between 14273.074999999999 and 18024.995
21020.0,4,2,0,1,0,0,0,0,0,0,1,0,1,0,0,0,less than 14273.074999999999
26236.0,4,2,0,1,1,0,0,0,0,0,1,0,1,0,0,0,less than 14273.074999999999
26345.0,4,4,1,1,1,0,0,0,0,1,0,0,0,0,1,0,between 18024.995 and 26717.3175
14054.0,6,4,1,1,1,0,0,1,0,0,0,0,0,0,1,0,between 18024.995 and 26717.3175
27966.0,6,4,1,0,1,0,0,0,1,0,0,0,0,0,1,0,between 18024.995 and 26717.3175
8211.0,6,4,1,0,1,0,0,1,0,0,0,0,0,0,1,0,between 18024.995 and 26717.3175
14627.0,4,4,0,1,0,0,0,1,0,0,0,0,0,0,1,0,less than 14273.074999999999
29707.0,4,4,0,1,1,0,0,0,0,0,1,0,0,0,1,0,less than 14273.074999999999
12303.0,4,4,1,1,1,0,0,0,1,0,0,0,0,0,0,1,between 14273.074999999999 and 18024.995
26223.0,6,2,1,1,1,0,0,1,0,0,0,0,1,0,0,0,between 18024.995 and 26717.3175
25199.0,8,4,1,1,1,0,1,0,0,0,0,0,0,0,1,0,greater than 26717.3175
8507.0,4,2,1,0,0,0,0,0,0,0,1,0,1,0,0,0,between 14273.074999999999 and 18024.995
22102.0,6,4,1,0,1,1,0,0,0,0,0,0,0,0,1,0,between 18024.995 and 26717.3175
13828.0,4,4,1,1,1,0,0,1,0,0,0,0,0,0,1,0,between 14273.074999999999 and 18024.995
20472.0,8,4,1,1,1,0,0,0,1,0,0,0,0,0,1,0,between 18024.995 and 26717.3175
18910.0,4,4,1,1,1,0,0,1,0,0,0,0,0,0,1,0,less than 14273.074999999999
6699.0,4,4,0,1,1,0,0,1,0,0,0,0,0,1,0,0,less than 14273.074999999999
17673.0,4,4,1,1,1,0,0,0,0,1,0,0,0,0,0,1,greater than 26717.3175
27394.0,4,2,1,1,1,0,0,1,0,0,0,0,1,0,0,0,less than 14273.074999999999
25816.0,4,2,0,1,1,0,0,1,0,0,0,0,1,0,0,0,less than 14273.074999999999
26477.0,6,4,1,0,1,0,0,0,1,0,0,0,0,0,1,0,between 18024.995 and 26717.3175
22891.0,6,4,1,1,1,0,0,0,1,0,0,0,0,0,1,0,between 18024.995 and 26717.3175
27051.0,4,2,1,0,1,0,0,0,0,1,0,1,0,0,0,0,greater than 26717.3175
12466.0,6,2,1,1,0,0,0,1,0,0,0,0,1,0,0,0,between 18024.995 and 26717.3175
29925.0,6,4,1,1,0,0,0,0,1,0,0,0,0,0,1,0,between 14273.074999999999 and 18024.995
20137.0,6,4,1,1,0,1,0,0,0,0,0,0,0,0,1,0,between 18024.995 and 26717.3175
32535.0,6,4,0,1,1,0,0,1,0,0,0,0,0,0,1,0,between 14273.074999999999 and 18024.995
11322.0,4,4,1,1,1,0,0,1,0,0,0,0,0,0,1,0,less than 14273.074999999999
15903.0,6,4,0,1,1,0,0,1,0,0,0,0,0,0,1,0,between 14273.074999999999 and 18024.995
21350.0,8,2,1,1,1,0,0,1,0,0,0,0,1,0,0,0,greater than 26717.3175
14438.0,4,4,0,0,1,0,0,1,0,0,0,0,0,0,1,0,less than 14273.074999999999
22571.0,4,2,1,1,1,0,0,1,0,0,0,0,1,0,0,0,less than 14273.074999999999
27600.0,4,4,1,1,0,0,0,0,0,1,0,0,0,0,1,0,between 18024.995 and 26717.3175
20309.0,4,4,1,1,1,0,0,1,0,0,0,0,0,0,1,0,less than 14273.074999999999
16111.0,6,4,1,0,0,0,0,1,0,0,0,0,0,0,1,0,between 18024.995 and 26717.3175
25874.0,6,4,1,1,1,0,0,1,0,0,0,0,0,1,0,0,between 14273.074999999999 and 18024.995
35662.0,6,4,1,0,0,0,0,0,0,0,1,0,0,0,1,0,less than 14273.074999999999
28385.0,6,4,1,1,1,0,0,0,1,0,0,0,0,0,1,0,between 14273.074999999999 and 18024.995
3946.0,4,4,1,1,1,0,0,0,1,0,0,0,0,0,1,0,between 14273.074999999999 and 18024.995
18795.0,6,4,1,1,1,0,0,1,0,0,0,0,0,0,1,0,between 18024.995 and 26717.3175
12251.0,4,2,1,0,0,0,0,0,0,1,0,1,0,0,0,0,greater than 26717.3175
17590.0,4,2,1,1,1,0,0,0,0,1,0,1,0,0,0,0,greater than 26717.3175
26028.0,6,4,1,1,0,0,0,0,1,0,0,0,0,0,1,0,between 18024.995 and 26717.3175
20200.0,6,4,0,1,1,0,0,1,0,0,0,0,0,1,0,0,between 14273.074999999999 and 18024.995
27830.0,6,4,1,1,1,1,0,0,0,0,0,0,0,0,1,0,between 14273.074999999999 and 18024.995
25020.0,6,2,1,1,1,0,0,1,0,0,0,0,1,0,0,0,between 18024.995 and 26717.3175
27199.0,8,2,1,1,1,0,0,0,1,0,0,0,1,0,0,0,greater than 26717.3175
20208.0,4,4,1,0,1,0,0,0,0,1,0,0,0,0,1,0,between 18024.995 and 26717.3175
8221.0,6,4,1,1,1,1,0,0,0,0,0,0,0,0,1,0,between 14273.074999999999 and 18024.995
12878.0,4,4,1,0,0,0,0,0,0,0,1,0,0,0,1,0,less than 14273.074999999999
1676.0,4,4,1,1,1,0,0,0,0,1,0,0,0,0,1,0,greater than 26717.3175
12090.0,4,2,1,1,1,0,0,0,0,1,0,1,0,0,0,0,greater than 26717.3175
12021.0,8,2,1,1,1,0,1,0,0,0,0,1,0,0,0,0,greater than 26717.3175
24439.0,6,4,1,0,0,1,0,0,0,0,0,0,0,0,1,0,between 18024.995 and 26717.3175
21822.0,4,4,1,1,1,0,0,0,0,1,0,0,0,0,0,1,greater than 26717.3175
22380.0,4,4,0,1,0,0,0,1,0,0,0,0,0,0,1,0,less than 14273.074999999999
21960.0,4,4,1,0,1,0,0,0,0,1,0,0,0,0,0,1,greater than 26717.3175
35624.0,6,4,1,1,0,0,0,0,1,0,0,0,0,0,1,0,between 14273.074999999999 and 18024.995
22255.0,4,2,1,0,1,0,0,0,0,0,1,0,1,0,0,0,between 14273.074999999999 and 18024.995
11488.0,4,4,1,1,1,0,0,1,0,0,0,0,0,0,1,0,between 14273.074999999999 and 18024.995
30082.0,8,4,1,1,1,0,1,0,0,0,0,0,0,0,1,0,greater than 26717.3175
22484.0,4,4,0,1,1,0,0,1,0,0,0,0,0,1,0,0,less than 14273.074999999999
16496.0,6,4,1,1,0,0,0,0,1,0,0,0,0,0,1,0,between 18024.995 and 26717.3175
25960.0,8,2,1,0,1,0,0,1,0,0,0,1,0,0,0,0,greater than 26717.3175
19853.0,4,4,0,1,1,0,0,0,0,0,1,0,0,0,1,0,less than 14273.074999999999
17138.0,8,4,1,0,1,0,1,0,0,0,0,0,0,0,1,0,greater than 26717.3175
18096.0,4,4,1,1,0,0,0,0,1,0,0,0,0,0,0,1,between 14273.074999999999 and 18024.995
22383.0,6,4,1,1,1,0,0,1,0,0,0,0,0,0,1,0,between 14273.074999999999 and 18024.995
15600.0,8,2,1,1,1,0,1,0,0,0,0,1,0,0,0,0,greater than 26717.3175
24469.0,6,4,1,1,1,1,0,0,0,0,0,0,0,0,1,0,between 18024.995 and 26717.3175
12412.0,4,4,0,0,1,0,0,0,0,0,1,0,0,0,1,0,between 14273.074999999999 and 18024.995
11069.0,6,4,1,0,1,0,0,0,1,0,0,0,0,0,1,0,between 18024.995 and 26717.3175
23062.0,4,4,0,0,0,0,0,0,1,0,0,0,0,0,0,1,between 14273.074999999999 and 18024.995
22814.0,4,4,1,1,1,0,0,0,0,1,0,0,0,0,1,0,between 18024.995 and 26717.3175
22641.0,6,2,1,1,1,0,0,0,1,0,0,0,1,0,0,0,between 14273.074999999999 and 18024.995
22598.0,4,4,1,0,1,0,0,0,0,1,0,0,0,0,1,0,greater than 26717.3175
29325.0,6,4,1,1,0,0,0,0,1,0,0,0,0,0,1,0,between 14273.074999999999 and 18024.995
25981.0,4,2,1,1,0,0,0,0,0,0,1,0,1,0,0,0,less than 14273.074999999999
19148.0,8,4,1,0,1,0,0,0,1,0,0,0,0,0,1,0,between 18024.995 and 26717.3175
35157.0,4,2,1,0,0,0,0,0,0,1,0,1,0,0,0,0,greater than 26717.3175
7924.0,4,4,1,0,1,0,0,0,0,1,0,0,0,0,1,0,greater than 26717.3175
16335.0,6,4,0,1,1,0,0,1,0,0,0,0,0,1,0,0,between 18024.995 and 26717.3175
34815.0,4,4,0,1,1,0,0,1,0,0,0,0,0,0,1,0,less than 14273.074999999999
17337.0,6,2,1,1,1,0,0,1,0,0,0,0,1,0,0,0,between 18024.995 and 26717.3175
6048.0,4,2,0,1,1,0,0,1,0,0,0,0,1,0,0,0,between 14273.074999999999 and 18024.995
23069.0,4,4,1,1,1,0,0,1,0,0,0,0,0,0,1,0,less than 14273.074999999999
7695.0,4,4,0,1,1,0,0,1,0,0,0,0,0,0,1,0,between 14273.074999999999 and 18024.995
24842.0,4,4,1,0,0,0,0,1,0,0,0,0,0,0,1,0,less than 14273.074999999999
33906.0,6,4,0,1,1,0,0,1,0,0,0,0,0,1,0,0,between 14273.074999999999 and 18024.995
10102.0,6,4,1,0,1,0,0,0,0,0,1,0,0,0,1,0,between 14273.074999999999 and 18024.995
20770.0,6,4,1,1,1,0,0,0,1,0,0,0,0,0,1,0,between 18024.995 and 26717.3175
16521.0,4,4,1,1,1,0,0,1,0,0,0,0,0,1,0,0,less than 14273.074999999999
22964.0,6,4,1,1,0,1,0,0,0,0,0,0,0,0,1,0,between 14273.074999999999 and 18024.995
27218.0,6,2,1,1,0,0,0,1,0,0,0,0,1,0,0,0,between 18024.995 and 26717.3175
20154.0,6,4,0,1,1,0,0,1,0,0,0,0,0,0,1,0,between 14273.074999999999 and 18024.995
20618.0,4,2,1,1,1,0,0,0,1,0,0,0,1,0,0,0,less than 14273.074999999999
26191.0,4,4,0,0,1,0,0,1,0,0,0,0,0,0,1,0,less than 14273.074999999999
17583.0,6,4,1,1,0,0,0,0,1,0,0,0,0,0,1,0,between 18024.995 and 26717.3175
13457.0,6,2,1,1,0,0,0,1,0,0,0,0,1,0,0,0,between 18024.995 and 26717.3175
23056.0,6,4,1,1,1,0,1,0,0,0,0,0,0,0,1,0,greater than 26717.3175
35299.0,4,4,0,0,0,0,0,1,0,0,0,0,0,0,1,0,less than 14273.074999999999
34447.0,4,2,1,1,1,0,0,1,0,0,0,0,1,0,0,0,less than 14273.074999999999
10986.0,6,4,1,0,0,0,0,0,0,0,1,0,0,0,1,0,between 14273.074999999999 and 18024.995
48991.0,4,2,1,1,1,0,0,0,0,1,0,1,0,0,0,0,greater than 26717.3175
21877.0,4,4,0,0,0,0,0,0,0,0,1,0,0,0,1,0,less than 14273.074999999999
26222.0,8,4,1,0,1,0,1,0,0,0,0,0,0,0,1,0,greater than 26717.3175
4922.0,4,4,0,1,1,0,0,1,0,0,0,0,0,0,1,0,less than 14273.074999999999
7397.0,6,4,1,1,1,0,0,1,0,0,0,0,0,1,0,0,between 18024.995 and 26717.3175
34191.0,8,2,1,0,1,0,0,1,0,0,0,0,1,0,0,0,greater than 26717.3175
19490.0,6,4,1,1,1,0,0,1,0,0,0,0,0,1,0,0,between 14273.074999999999 and 18024.995
19183.0,4,4,0,0,0,0,0,1,0,0,0,0,0,0,1,0,less than 14273.074999999999
34621.0,4,4,0,1,0,0,0,1,0,0,0,0,0,0,1,0,less than 14273.074999999999
22771.0,4,2,0,1,1,0,0,1,0,0,0,0,1,0,0,0,less than 14273.074999999999
27015.0,4,4,1,0,0,0,0,0,0,1,0,0,0,0,1,0,between 18024.995 and 26717.3175
14231.0,4,2,1,1,1,0,0,1,0,0,0,0,1,0,0,0,less than 14273.074999999999
21910.0,4,2,0,1,1,0,0,1,0,0,0,0,1,0,0,0,less than 14273.074999999999
22423.0,6,4,1,1,0,0,0,0,1,0,0,0,0,0,1,0,between 18024.995 and 26717.3175
26532.0,6,4,1,1,1,0,0,1,0,0,0,0,0,1,0,0,between 14273.074999999999 and 18024.995
25295.0,6,4,1,1,0,0,0,0,1,0,0,0,0,0,1,0,between 14273.074999999999 and 18024.995
22964.0,6,4,1,1,1,0,0,1,0,0,0,0,0,0,1,0,between 18024.995 and 26717.3175
31805.0,8,2,1,0,1,0,1,0,0,0,0,1,0,0,0,0,greater than 26717.3175
10338.0,6,4,1,0,0,0,0,0,1,0,0,0,0,0,1,0,between 18024.995 and 26717.3175
4695.0,6,4,1,1,0,1,0,0,0,0,0,0,0,0,1,0,greater than 26717.3175
1737.0,4,4,0,0,1,0,0,0,0,0,1,0,0,0,1,0,between 14273.074999999999 and 18024.995
19612.0,4,2,1,1,1,0,0,1,0,0,0,0,1,0,0,0,less than 14273.074999999999
7091.0,4,4,1,0,0,0,0,1,0,0,0,0,0,0,1,0,less than 14273.074999999999
32914.0,4,4,1,1,0,0,0,1,0,0,0,0,0,0,1,0,less than 14273.074999999999
14504.0,4,4,0,1,1,0,0,1,0,0,0,0,0,0,1,0,between 14273.074999999999 and 18024.995
25651.0,8,4,1,0,1,0,0,0,1,0,0,0,0,0,1,0,between 18024.995 and 26717.3175
18040.0,4,4,1,1,1,0,0,1,0,0,0,0,0,0,1,0,less than 14273.074999999999
27460.0,6,4,1,1,1,0,0,1,0,0,0,0,0,0,1,0,between 14273.074999999999 and 18024.995
36855.0,4,4,0,1,1,0,0,1,0,0,0,0,0,0,1,0,less than 14273.074999999999
34998.0,4,4,0,1,1,0,0,0,0,0,1,0,0,0,1,0,less than 14273.074999999999
20015.0,4,4,1,1,1,0,0,0,0,1,0,0,0,0,0,1,greater than 26717.3175
26070.0,6,4,1,1,1,0,0,1,0,0,0,0,0,0,1,0,between 14273.074999999999 and 18024.995
29992.0,4,4,1,0,1,0,0,1,0,0,0,0,0,1,0,0,less than 14273.074999999999
10555.0,8,4,1,1,1,0,1,0,0,0,0,0,0,0,1,0,greater than 26717.3175
25845.0,4,2,1,1,1,0,0,1,0,0,0,0,1,0,0,0,less than 14273.074999999999
22590.0,4,4,1,1,1,0,0,0,0,1,0,0,0,0,1,0,between 18024.995 and 26717.3175
4652.0,4,2,1,1,1,0,0,1,0,0,0,0,1,0,0,0,between 14273.074999999999 and 18024.995
12305.0,4,4,1,1,1,0,0,1,0,0,0,0,0,0,1,0,between 14273.074999999999 and 18024.995
30063.0,6,4,1,0,1,0,0,0,1,0,0,0,0,0,1,0,between 18024.995 and 26717.3175
4142.0,4,4,0,1,0,0,0,1,0,0,0,0,0,0,1,0,less than 14273.074999999999
17273.0,8,4,1,0,1,0,0,0,1,0,0,0,0,0,1,0,between 18024.995 and 26717.3175
38958.0,4,2,0,0,0,0,0,0,0,0,1,0,1,0,0,0,less than 14273.074999999999
15343.0,8,4,1,1,1,0,1,0,0,0,0,0,0,0,1,0,greater than 26717.3175
1592.0,6,4,1,1,0,0,0,0,1,0,0,0,0,0,1,0,between 18024.995 and 26717.3175
17441.0,6,4,0,1,1,0,0,1,0,0,0,0,0,1,0,0,between 18024.995 and 26717.3175
17959.0,6,4,1,0,0,0,0,0,1,0,0,0,0,0,1,0,between 14273.074999999999 and 18024.995
1480.0,6,4,1,1,1,0,0,1,0,0,0,0,0,0,1,0,between 18024.995 and 26717.3175
36557.0,4,4,1,1,1,0,0,0,0,1,0,0,0,0,0,1,between 18024.995 and 26717.3175
21394.0,6,4,1,0,0,1,0,0,0,0,0,0,0,0,1,0,between 18024.995 and 26717.3175
16225.0,4,4,1,1,1,0,0,0,0,1,0,0,0,0,0,1,greater than 26717.3175
10915.0,8,2,1,1,1,0,0,0,1,0,0,0,1,0,0,0,greater than 26717.3175
14376.0,4,2,0,0,0,0,0,0,0,0,1,0,1,0,0,0,between 14273.074999999999 and 18024.995
22382.0,4,2,1,1,1,0,0,1,0,0,0,0,1,0,0,0,less than 14273.074999999999
17445.0,4,4,0,1,1,0,0,1,0,0,0,0,0,0,1,0,less than 14273.074999999999
23121.0,4,4,0,1,1,0,0,1,0,0,0,0,0,1,0,0,less than 14273.074999999999
19562.0,6,4,1,1,1,1,0,0,0,0,0,0,0,0,1,0,between 18024.995 and 26717.3175
6709.0,4,4,1,1,1,0,0,1,0,0,0,0,0,0,1,0,between 14273.074999999999 and 18024.995
23765.0,6,4,1,1,0,1,0,0,0,0,0,0,0,0,1,0,between 18024.995 and 26717.3175
34665.0,6,4,1,1,1,1,0,0,0,0,0,0,0,0,1,0,between 14273.074999999999 and 18024.995
14613.0,4,4,1,0,1,0,0,0,0,1,0,0,0,0,1,0,greater than 26717.3175
16950.0,6,2,1,0,0,0,0,1,0,0,0,0,1,0,0,0,between 18024.995 and 26717.3175
20000.0,8,2,1,0,1,0,0,1,0,0,0,1,0,0,0,0,greater than 26717.3175
24318.0,4,2,1,1,1,0,0,0,1,0,0,0,1,0,0,0,less than 14273.074999999999
19386.0,6,4,1,1,1,0,0,1,0,0,0,0,0,1,0,0,between 14273.074999999999 and 18024.995
16754.0,6,4,1,0,1,0,1,0,0,0,0,0,0,0,1,0,greater than 26717.3175
26126.0,8,2,1,1,1,0,0,0,1,0,0,0,1,0,0,0,greater than 26717.3175
