x1,x2,x3,x4,x5,x6,x7,x8,x9,x10,x11,x12,x13,x14,x15,x16,y1,y2,y3,y4,y5,y6,y7,y8,y9,y10,y11,y12,y13,y14,y15,y16,energy1,energy2,energy3,energy4,energy5,energy6,energy7,energy8,energy9,energy10,energy11,energy12,energy13,energy14,energy15,energy16,energy_total
333.4052,452.5483,386.8788,279.507,223.3419,27.5316,452.5483,380.3554,145.0108,127.6298,507.2156,281.168,308.4503,461.1262,173.6567,114.1916,124.1085,282.9879,124.3166,262.4061,441.5103,118.2965,229.3933,565.6854,0.0,201.7389,113.1371,452.5483,351.6056,142.7236,395.6806,293.0903,205905.6141,267441.2303,200641.1967,206327.8018,237954.3424,190936.6686,222883.0824,265043.6543,180185.3563,180577.3074,264934.9927,245762.8082,233891.0457,231822.5646,214571.3456,203857.7985,less than 3685857.466
566.0,409.0668,269.6327,204.9651,549.9857,165.9041,22.8863,319.4227,141.2644,283.8582,75.2821,0.0,494.2184,500.2648,65.671,445.1178,0.0,128.0402,129.998,438.8064,286.4668,207.0221,410.077,272.3722,469.3991,446.2835,262.9416,548.1739,441.664,25.0146,497.4796,88.4186,264452.8378,240519.0438,218875.1884,267888.4394,262787.948,217798.5823,211140.4146,249477.0104,279124.1103,267508.6392,208809.7983,267242.6057,265859.5224,253392.4827,275714.6291,228329.0246,greater than 3830819.051
177.6463,297.8745,201.6444,107.2922,546.4836,18.0472,36.1567,526.2741,529.4171,115.7111,412.3619,71.9806,565.6854,506.4392,59.9929,453.5998,109.5503,26.6685,541.1461,47.1142,551.0265,61.3616,0.0,351.0823,501.1873,496.2938,89.3954,100.1838,416.0155,41.6723,546.4949,410.4646,224947.392,211373.4354,267398.7876,197615.7881,265187.2891,204539.6795,155619.8448,202244.3374,219241.9545,250700.084,219600.966,234217.9213,246654.9874,237209.2944,270174.3477,221524.215,less than 3685857.466
263.5217,400.9179,61.23,316.5138,383.2329,451.1893,155.6305,0.0,319.3527,566.0,0.0,566.0,350.635,502.32,483.5694,477.875,549.1546,294.7387,520.2905,566.0,201.5556,398.2908,385.8452,489.3841,378.7759,168.5383,243.2857,481.9866,90.9847,146.539,541.894,43.4336,240261.1826,210439.2895,271337.9132,269820.6929,194050.2876,225598.3193,238538.6237,241448.8488,234076.8988,258399.7358,214296.6592,269457.4194,186501.9711,223760.8622,265962.9362,196516.0519,between 3685857.466 and 3755820.3235
263.5541,413.9405,471.2243,117.0311,566.0,216.36,284.1491,398.0179,110.9369,29.6496,223.0156,490.2931,0.0,183.7346,374.8702,356.8249,232.6679,509.0577,303.3763,227.5743,156.0412,89.5966,41.9556,70.7212,408.053,566.0,177.0776,73.0136,462.9697,441.2852,172.0001,454.5939,233271.799,265396.8238,262378.3948,216402.2853,266753.7428,187635.6111,203488.5876,223815.1798,245373.9009,265397.6968,201448.0268,229746.914,237268.9854,271991.2196,234902.3129,231816.1276,between 3755820.3235 and 3830819.051
331.9998,389.2301,238.6819,326.7061,291.7532,105.3844,42.4028,497.9885,65.9731,54.1773,158.2246,200.4444,535.3977,182.672,566.0,381.3647,222.8332,273.4226,163.0131,0.0,344.5689,396.879,411.8745,320.2257,305.9312,566.0,56.7106,549.4862,107.2882,391.6534,466.1336,102.5194,214638.2049,246339.8897,205586.143,186135.4457,266282.8923,244695.2543,237518.2919,239843.9854,188432.8004,268946.2053,182896.5391,265791.2961,257799.6007,250027.167,265456.5572,220141.6263,between 3685857.466 and 3755820.3235
529.3361,211.6768,434.2865,435.4566,10.622,141.9724,487.7559,514.6576,123.4486,553.8841,520.9779,95.4333,552.1702,50.6248,477.9287,565.6854,432.2284,553.4284,104.6478,531.2863,494.1589,82.8918,549.0467,324.341,520.4598,492.558,13.3769,4.72,105.3018,127.7266,59.1398,230.7544,216548.8834,267922.0795,205538.8993,240003.8058,266071.6512,229207.4898,268123.0699,210379.0824,253576.1335,269903.7325,197899.2283,192638.6511,226009.1069,227006.5932,190681.7235,253390.9703,between 3685857.466 and 3755820.3235
64.5926,76.3841,491.3374,144.9505,0.0,86.2062,516.1275,372.095,313.2542,358.9066,556.7949,150.6515,185.8404,566.0,425.1698,238.5916,535.8643,440.3875,31.3927,506.6591,545.8092,231.8953,332.8214,122.0474,154.9788,513.3759,8.3641,396.3329,231.8778,148.9559,58.3925,198.6762,275646.1678,217186.8,237774.93,271008.4338,267825.9125,207724.5343,267256.8668,252345.5591,258542.2456,265400.3737,244279.8651,241933.0,245603.8196,262169.3655,241525.4115,256105.1826,greater than 3830819.051
374.5187,100.1673,159.8909,171.797,83.5555,492.0959,96.1602,396.4348,443.2381,402.0952,56.5685,281.3991,509.1169,188.3052,279.6858,122.9466,496.1972,522.6413,371.3385,528.4566,423.3009,556.2554,56.5685,414.4705,472.6265,94.0874,173.7569,82.2544,119.3018,85.418,275.5256,104.3127,257966.8153,260699.6361,237299.5465,268155.1691,215948.2945,265013.6568,159595.5037,192317.6275,236125.5343,239152.8697,199060.441,219011.6838,255958.2224,207086.6925,212176.5261,201370.9441,less than 3685857.466
552.9273,89.4026,288.6758,449.202,517.458,74.098,56.0165,532.4986,245.8683,114.1175,308.5392,12.9978,535.355,30.9737,7.3633,435.5956,149.2367,564.1139,390.0969,63.9401,508.5568,160.6905,112.7953,323.1471,528.4504,88.0461,494.3135,66.8644,17.0473,1.5397,199.5986,327.8799,252354.9007,267376.753,225202.1884,219453.8323,265536.0034,224693.0424,184431.3972,255839.3871,272276.495,214987.9948,273755.4616,159640.586,230851.8291,149765.4022,231361.1139,247968.5638,less than 3685857.466
55.4723,566.0,0.0,300.7516,528.8685,410.4412,86.787,409.9286,480.8857,61.2058,229.1278,258.5793,496.5265,47.49,467.2698,370.8748,275.168,62.9732,325.8977,498.0009,380.152,490.0737,566.0,254.6003,397.0491,368.4089,566.0,449.6102,150.2363,442.3087,0.0,160.9068,184400.2996,263321.7922,188535.7218,273172.461,270480.5484,265853.7088,268704.3326,213591.3879,268630.7745,208004.3503,265177.277,214127.8093,243052.2762,231057.4738,203111.8858,199061.9847,between 3755820.3235 and 3830819.051
263.3782,22.3321,92.9542,0.0,403.4689,20.6949,542.7649,189.7578,272.9368,176.9079,424.2169,566.0,479.5893,80.2074,177.1825,427.6472,283.5254,325.0503,446.2121,566.0,306.3947,503.0663,195.7835,547.9502,0.0,0.0,44.8348,31.5688,233.5217,107.9192,205.0112,125.0183,269203.65,207425.5404,250723.4643,268336.5111,267208.1609,240622.1373,271820.5923,265297.5234,209902.4238,216775.2547,198218.1447,255597.3788,274910.7154,207339.3548,231430.0693,213546.6924,greater than 3830819.051
480.3163,376.3392,424.923,214.7039,385.4165,0.0,37.1525,533.6639,337.4754,553.0661,480.525,91.8463,94.2125,329.5357,117.6618,156.3608,565.6854,556.8727,130.245,314.7283,94.2594,545.4686,455.0844,57.5244,56.4293,517.9993,21.5545,499.8985,550.5402,485.8114,57.3305,103.7804,267453.0064,266933.5942,245338.547,227225.3205,206382.5254,266824.1969,199772.0683,258846.3069,195436.8915,269902.4985,216724.6921,225666.4494,266753.7358,223193.6666,186597.4123,214906.5731,between 3685857.466 and 3755820.3235
162.2011,32.6884,373.1364,104.9229,149.1001,517.8699,17.6451,451.4019,11.3737,358.2521,505.8293,470.7072,498.0584,85.9178,547.6365,100.2884,0.0,463.425,10.089,46.292,559.3659,115.3494,41.5569,54.4691,389.3241,522.1493,532.997,397.8677,252.5706,159.0018,73.6682,516.7723,237219.3521,225467.9645,196955.14,219683.6782,266711.7716,248560.5889,206298.9985,197120.0236,198202.5428,268447.7035,265639.9382,239996.9487,249452.1732,225209.3145,244561.2311,230675.8934,between 3685857.466 and 3755820.3235
473.5567,565.6854,81.4376,205.9036,482.0905,164.4761,454.8836,565.6854,34.0246,103.0221,453.1223,0.0,199.8264,304.9501,565.6854,196.9791,565.6854,565.6854,565.6854,240.7837,339.4082,565.6854,398.3638,138.0071,436.0819,100.4146,496.2897,565.6854,44.3028,565.6854,402.1735,508.4653,268091.992,265037.8149,269081.2624,211636.1911,197589.7554,271030.3441,209076.7241,247349.5085,203957.4123,188828.8305,213274.5749,269183.2981,195954.6983,269145.6701,250402.2214,241856.0767,between 3755820.3235 and 3830819.051
118.3161,432.631,236.721,97.7573,0.0,288.559,51.08,342.5043,399.6841,278.3416,493.6962,0.0,493.9718,566.0,521.74,142.7321,394.1557,476.82,374.8177,288.965,430.3778,519.3923,566.0,6.0674,279.3526,167.2414,338.199,140.7141,0.0,0.0,505.4264,139.6842,258255.0097,254526.3171,234573.5556,208791.785,243024.2251,268969.6399,266532.2668,225602.1977,213586.868,211867.7905,240928.9839,202184.7602,246825.9827,261255.8631,265194.9021,203813.1863,between 3755820.3235 and 3830819.051
57.8982,101.6256,479.5682,167.9401,0.0,83.9383,507.3109,353.7575,259.8111,347.3479,566.0,164.0957,157.231,531.0157,413.5119,239.8639,513.2427,408.4809,15.8786,519.226,566.0,213.192,342.1573,81.5485,97.5024,505.9738,8.3122,399.9815,202.6736,126.8726,38.7293,217.5051,272146.8883,228107.2157,233146.1414,267811.3706,267364.6398,205744.4156,267764.4815,250134.341,236209.5809,265565.7317,254941.4742,241064.584,219979.654,260054.6194,241563.0933,246371.5604,greater than 3830819.051
439.8007,94.4367,134.8145,29.0467,145.1607,29.7517,100.6903,20.332,100.9694,11.9235,419.2865,73.0101,541.4091,143.0661,96.5951,462.2257,167.9235,255.7569,125.5917,496.6694,193.125,228.9617,554.9892,104.6209,11.8043,40.6182,499.6001,179.0129,75.4918,50.7117,78.6549,0.0,261318.8515,248845.9908,208916.0506,239291.2917,252296.7847,222557.6081,265625.5366,167749.1938,147369.4733,143546.5653,264906.8141,199803.4479,265955.26,206088.3785,170122.5084,228749.5303,less than 3685857.466
275.0801,566.0,27.8813,142.7753,377.5493,167.2836,265.9421,327.9232,310.8799,0.0,302.6616,67.8987,306.3314,50.0667,165.163,444.4641,252.4276,321.2641,406.3638,207.2166,302.0142,94.8876,529.944,108.8316,380.2706,455.1543,189.2909,333.0079,0.0,239.5452,398.8228,144.4588,219507.555,265577.98,245902.955,217410.1072,270545.5889,187692.007,265391.532,211000.1536,260703.3639,267765.2638,205985.4524,232945.764,184548.5429,197324.5285,247239.0585,246358.4,between 3685857.466 and 3755820.3235
488.1867,0.0,154.659,426.1348,566.0,381.2581,130.6855,129.1222,224.4327,352.9596,210.0038,531.5115,285.906,21.2104,265.0763,373.1803,331.2636,566.0,214.3353,566.0,150.8177,142.9136,106.1434,413.3506,404.1749,43.9058,247.5803,10.3302,20.979,441.7343,446.586,297.8658,263158.0982,266907.644,187313.9716,264873.6573,264329.6825,227237.7187,176771.1393,272031.4123,218670.1652,203597.9236,216827.5098,235260.748,188441.6888,257426.8374,254786.8952,248030.3841,between 3685857.466 and 3755820.3235
88.0723,476.9377,147.0586,6.3634,62.5576,483.2107,308.0276,325.0827,301.9466,5.9807,537.1145,54.0225,565.6854,529.2362,555.3957,399.7975,358.0105,32.1483,25.3297,50.5213,507.3435,546.8368,521.9033,224.0072,16.3389,469.3835,13.3088,559.1786,122.7695,422.1353,73.2867,430.5105,244780.9925,209765.6928,218594.9055,213427.9136,229094.2114,265362.6859,268100.0959,219238.2579,224801.1844,207164.6296,198092.9049,268232.8727,259307.6179,260078.4862,212703.2171,246894.5082,between 3685857.466 and 3755820.3235
0.0,566.0,255.0493,566.0,88.2132,500.9957,253.0426,566.0,508.8974,566.0,361.9039,138.1094,312.6782,313.5629,0.0,416.6647,0.0,0.0,488.8089,489.4053,0.0,566.0,544.0427,566.0,418.9098,118.2535,476.1614,377.0732,566.0,332.9277,294.8534,566.0,192659.1723,231320.3039,194884.8064,231159.658,192751.248,261239.5512,242136.3395,267899.6509,199720.8002,250718.7594,217650.5313,215966.7474,270994.5982,184355.3662,234964.169,269735.8555,less than 3685857.466
518.0459,236.8282,566.0,44.0438,420.3533,44.4193,368.645,286.8882,352.1792,0.0,162.9098,500.6088,0.0,159.5157,451.6554,239.5427,137.4028,406.0473,0.0,311.9912,51.7387,527.8394,145.0592,414.4439,205.4565,386.9718,140.4978,25.3862,475.7886,225.7456,306.7055,151.8712,264480.0364,244454.5984,267368.8667,244888.4155,229245.4249,266570.2472,216525.0044,268613.4662,241815.4919,217157.1433,200828.2371,244999.315,228445.2517,230598.8949,266528.6067,227388.9754,greater than 3830819.051
183.2887,446.284,345.3538,558.1899,313.4525,12.39,428.017,446.8099,145.4437,446.3255,370.2687,0.0,246.6843,270.7789,229.6974,0.0,0.0,371.7637,305.7154,457.8431,0.0,83.1653,261.3308,208.026,566.0,52.8962,76.9449,406.014,403.5954,511.2553,222.8759,531.4907,192376.3001,250494.4349,244472.5453,265248.9555,175570.0939,210813.9928,225616.4119,214099.6747,266543.6509,229421.0723,201127.0531,228465.3247,237156.474,266979.7434,211846.8528,266527.2586,between 3685857.466 and 3755820.3235
484.071,446.5782,416.9315,538.9023,172.6169,248.491,256.9242,152.1174,69.8813,284.1782,496.0762,7.9062,56.4222,403.0969,398.852,540.7812,490.3316,422.2335,57.6223,352.6688,552.4924,66.1774,134.7756,81.9399,178.2483,330.7894,56.7147,472.7812,283.7268,150.8411,446.8107,20.665,265468.6108,228615.1843,214663.1481,263611.7006,265583.8784,183152.0621,211110.5176,209096.6629,220449.5642,234098.588,251840.738,259978.9471,248869.524,220000.1859,249092.6313,258635.236,between 3755820.3235 and 3830819.051
566.0,243.0078,366.3364,177.0736,68.3847,62.4533,364.4438,244.2815,150.0845,496.2088,54.9812,376.9029,490.6635,494.6686,135.5579,114.4443,15.1997,359.1491,39.1707,257.3057,176.7385,457.0952,130.3755,78.1453,132.2403,403.9943,545.0986,342.7726,157.0221,0.0,426.9942,303.2534,265024.2624,274498.9955,209077.2025,230562.8098,186114.9366,243939.1563,238373.6168,223933.7115,200447.7641,265839.1933,265681.7322,254252.2925,257080.7879,232312.6677,271693.6671,229132.4681,greater than 3830819.051
566.0,366.8123,282.5758,201.2971,566.0,173.6891,0.0,304.097,130.9214,280.8673,105.4939,0.0,501.2251,501.43,59.7236,445.0512,12.2564,129.517,102.4166,439.5967,311.4987,220.9506,408.2991,263.6882,437.0263,404.4752,269.5488,566.0,449.1204,49.6975,512.271,95.4789,263356.2985,241461.5366,210661.3127,272779.5302,264299.2539,218615.6193,221007.9167,246223.6882,267541.1665,270750.8904,212202.8097,267553.9946,265921.8742,253739.9846,269324.7121,246355.1662,greater than 3830819.051
359.2697,390.3062,566.0,308.8443,0.0,426.2697,104.198,78.5195,390.4183,160.9566,0.0,209.6139,566.0,452.8704,473.9134,566.0,212.0942,534.9981,0.0,495.5896,566.0,112.2479,302.7947,566.0,464.5572,522.0898,499.641,303.4427,91.0597,455.7913,17.0834,511.8401,213747.8246,266231.7253,230394.7338,251589.3393,267086.3767,241461.4394,221066.8724,271261.9486,233793.0595,274413.5851,206642.3085,213617.1249,258906.6205,257969.1635,231623.4178,265572.9539,greater than 3830819.051
0.0,223.427,452.636,544.1051,431.3553,32.4785,250.3555,139.6914,519.1982,560.8689,90.892,174.6309,133.5196,67.0123,83.1495,320.4389,78.1164,0.0,7.65,392.616,93.6012,122.0712,70.9768,70.0485,96.9771,460.3245,127.8606,119.3596,319.855,208.6378,556.9915,101.9579,174498.5332,189487.2759,209240.7599,224474.9873,240553.7603,195824.1968,237655.4339,212038.1949,249326.9602,265065.9744,227433.237,257650.3327,261833.8131,231906.6611,266041.7669,249345.3258,between 3685857.466 and 3755820.3235
566.0,167.7755,386.6638,411.7471,404.1476,9.469,12.784,288.8227,51.3404,490.1232,91.6133,186.3334,74.6398,348.959,344.0897,481.6621,55.6462,492.6768,550.5148,362.2913,211.2237,541.8891,99.0587,460.3237,458.7615,148.6682,489.4981,195.1078,275.6766,55.2216,375.5552,361.5624,268530.0635,269209.255,265429.1279,260338.8532,214164.8161,267355.9974,185957.2508,245471.2845,213139.351,253912.0599,268935.6808,208757.1877,205736.0085,197288.3235,246475.9175,267262.6952,greater than 3830819.051
566.0,144.9326,396.3451,208.8793,566.0,156.0163,64.4629,266.6634,303.6643,43.98,39.1775,484.7853,0.0,178.682,478.3285,391.1508,192.9036,346.2542,263.0886,382.1345,0.0,289.0069,27.5711,339.3513,291.4568,566.0,166.7331,143.6089,435.2317,510.58,259.6213,74.9431,270756.9502,218561.5242,271841.233,261876.0253,253320.8669,185413.1249,184181.2322,274089.4301,264036.6229,265672.9452,194957.9731,226513.9422,233978.7816,266553.0815,266449.0411,202083.7713,greater than 3830819.051
31.3963,75.9818,473.6373,173.2265,25.5625,0.0,481.8033,338.3022,259.5078,397.5554,566.0,171.8397,171.9091,536.1898,430.0869,252.1167,448.1986,406.3083,11.0549,504.0549,566.0,232.012,378.4785,49.0227,78.889,525.4278,0.0,360.0502,237.4469,160.045,62.9057,258.4173,242236.5505,241732.9563,234360.7859,268632.4181,265587.6574,198097.2721,265882.2482,242939.3894,236887.2502,265489.4931,258698.5351,244884.4053,213432.9554,260467.3499,234195.6632,251401.903,greater than 3830819.051
283.1884,298.9046,165.6471,439.0215,218.2623,496.0509,355.2198,443.3307,56.4182,117.6218,207.7122,0.0,566.0,371.6244,566.0,0.0,352.9651,464.7035,566.0,146.0638,0.0,147.0236,262.8831,0.0,566.0,513.593,175.3773,127.9181,0.0,341.3282,205.8058,566.0,242227.9017,268238.4809,265627.9648,251401.7927,199134.3206,243404.1536,227812.6624,208610.4001,272268.3554,232962.3867,204688.8637,218535.0073,252099.9403,266308.199,266797.9162,257725.8825,greater than 3830819.051
167.9266,513.8399,304.0169,0.0,509.3108,373.1423,513.8005,376.1778,485.2572,67.8085,444.0982,61.914,100.8083,170.2458,113.3253,48.4872,553.839,548.7041,436.0238,516.6262,388.2085,144.1912,148.0495,501.4819,67.2076,515.0832,36.1631,116.0638,351.2398,466.5651,153.2397,565.6854,267268.7159,265281.8998,236084.4538,224361.9658,250409.2091,236558.403,251452.8494,262256.8247,218938.7951,231231.684,191178.5526,171804.9698,204596.8029,245337.1713,203562.1877,270351.6443,between 3685857.466 and 3755820.3235
331.503,565.6854,174.0873,248.2692,565.6854,36.2175,395.9798,385.7761,0.0,380.9405,119.6571,319.8687,206.7412,565.6854,565.6854,252.6899,198.7287,0.0,230.4162,263.5399,486.2735,375.1674,0.0,253.4311,565.6854,565.6854,522.6158,31.9968,507.258,65.084,395.9798,174.3797,211395.5739,220886.5827,219322.6206,241973.5436,265555.4232,222209.3923,232499.1754,237694.8044,267724.9823,265522.2729,272456.6299,213744.9898,267030.4985,256098.5722,236061.5177,200850.8551,greater than 3830819.051
49.7442,53.082,452.0754,150.5087,28.6546,28.6309,464.0545,353.6261,249.6069,354.7176,515.4682,151.7971,142.9246,566.0,406.3137,241.531,445.2939,332.3871,31.741,511.78,543.0407,215.8518,344.7654,82.8434,44.8904,473.0263,22.4289,337.6042,217.9457,114.5263,74.0403,276.1491,232110.8794,217155.4003,240533.4249,266499.5657,268840.2147,189998.9916,267778.7428,242052.9894,226480.3226,266074.4509,232407.7892,248157.9617,207289.6939,266145.7028,256539.2787,250870.3963,greater than 3830819.051
184.1266,19.8963,430.584,118.0584,178.2622,118.5593,528.8145,495.5339,525.742,45.5359,140.5194,183.9163,87.3785,452.516,227.0665,430.0346,434.9237,197.0761,164.975,122.1766,533.085,276.8586,92.3592,180.2161,0.0,492.5074,488.7291,193.4842,535.8116,40.9559,121.8371,556.351,233486.0496,191686.4794,244605.9422,192303.579,267276.167,202739.8026,253717.4805,263691.2048,229053.7163,224896.1452,227677.4797,236733.8848,269868.7414,203369.2823,245271.8351,265430.388,between 3685857.466 and 3755820.3235
245.8652,536.5723,52.6683,207.7872,474.5261,330.2451,187.4251,443.0153,245.2416,235.0482,135.6066,257.4837,495.8144,75.4257,504.5465,514.1906,437.6606,312.3077,566.0,399.5758,523.4422,306.3165,470.223,435.2774,19.3525,511.1992,397.1046,152.6188,0.0,377.5456,192.7186,475.6227,238776.6174,252896.5466,265669.9749,183675.7137,268280.2261,227021.6938,234551.0651,207630.1076,187233.1287,268156.9278,202715.0616,194021.8761,234228.4186,210377.2824,223118.2088,258545.1068,less than 3685857.466
237.3719,181.0575,302.4195,68.0813,494.9149,134.8215,447.8392,321.6304,342.9344,497.9876,239.2727,566.0,529.9836,11.9913,0.0,324.4203,484.7969,465.4918,382.9408,509.4964,249.7462,383.9143,463.7631,290.6103,2.4548,0.0,203.4714,28.7115,134.9136,0.0,566.0,168.6513,268209.8716,241931.6046,258517.5301,273881.7675,262391.6865,220198.4023,265654.875,226948.8711,214896.5446,209238.5335,204716.5661,254487.3973,258575.1457,201297.8061,267146.237,220910.5431,greater than 3830819.051
501.3726,474.5041,226.2742,418.0289,313.4685,0.0,400.5659,0.0,565.6854,106.1871,319.8807,263.4306,462.2676,455.0168,172.4638,403.7015,477.1421,565.6854,452.5483,320.6122,565.6854,549.073,265.9307,219.6918,113.1371,490.1855,43.3939,113.1371,33.8307,113.1371,121.464,505.1396,251674.8736,265695.8474,241212.5117,217629.8146,267848.6473,268062.4003,190496.1645,218466.8246,260697.4099,269226.7143,200603.8048,204790.3476,202529.3509,246323.7664,209494.3144,244406.2693,between 3755820.3235 and 3830819.051
494.4464,201.0436,97.8901,245.2784,566.0,458.266,166.7033,15.235,86.6122,271.5552,311.9806,521.4331,347.9307,0.0,234.4358,442.9286,49.3827,400.782,215.488,312.8026,19.6307,153.9243,84.9862,425.8172,519.1338,113.8317,294.9753,125.459,114.2508,512.475,517.0664,363.1142,224205.5212,237172.1041,208483.0774,261178.7888,263549.3189,265030.3798,197090.542,213811.2955,268265.0448,219484.7935,259276.733,270849.2424,231113.0695,265087.8794,266066.2639,266436.8144,greater than 3830819.051
378.2731,544.1535,34.412,424.7547,77.1775,445.7225,22.8667,75.7255,559.8597,160.8719,65.8132,345.1917,543.1808,498.3223,155.7645,503.6151,550.7074,559.9251,102.4098,519.2862,537.5735,37.7652,480.4755,396.8989,48.4387,550.7503,6.9023,60.895,419.0645,534.4185,52.4632,19.7933,278923.9808,266483.8898,212586.6287,253044.1576,262493.6774,246621.9225,225214.2336,217734.9262,254292.5814,269235.7281,198977.3435,230515.9776,243113.1744,228456.5972,219935.5683,217657.4364,between 3755820.3235 and 3830819.051
210.3494,467.4716,141.655,421.6589,498.9371,566.0,153.4962,258.5902,277.2704,547.6568,566.0,246.5742,25.308,391.8717,121.3776,0.0,539.4537,404.7135,124.0581,249.3379,94.6978,241.4664,386.8395,466.9164,361.0024,82.2012,0.0,58.6215,340.0329,493.494,534.0995,566.0,266778.4472,268493.3561,198453.4587,243209.7586,231994.4004,266387.9587,213863.396,264952.5553,227063.125,247909.8121,234776.7446,209667.4273,217838.4531,265953.9363,266837.6616,269112.1014,greater than 3830819.051
422.6435,28.4729,114.1931,469.9647,166.8844,11.1357,353.5493,67.7025,487.0671,485.1709,193.2364,182.0848,516.5795,528.0452,540.6434,42.1232,236.9365,376.0473,480.3546,27.9856,207.1781,427.6603,43.7611,211.7353,334.7331,86.033,110.8646,529.3524,1.8442,185.1453,534.4567,538.8392,227451.9729,187276.0691,242146.1711,194316.8789,251249.4793,217629.3334,211666.4994,226437.9567,244875.2489,217221.1604,230699.3871,266822.8053,232935.6414,257202.293,265246.3701,268265.2797,between 3685857.466 and 3755820.3235
300.4333,416.5723,414.5544,504.1491,566.0,448.4108,254.2105,378.4826,566.0,248.9848,103.834,146.6445,308.2764,69.3824,344.5176,108.0873,566.0,318.8615,239.0971,486.5301,231.9501,135.9445,125.7049,439.918,87.5419,476.9522,288.9823,566.0,382.6782,340.0285,246.6031,409.4207,265567.9559,236935.888,217540.1001,265386.7859,266477.8,225685.5183,186678.3823,260601.7157,249314.5181,238807.2852,191371.6083,269858.4328,221580.7362,203471.1022,194495.6526,230890.3064,between 3685857.466 and 3755820.3235
57.0521,192.0225,418.266,3.7674,543.4323,60.0334,496.3783,298.0856,265.7732,550.4595,229.9122,472.7778,418.6163,132.2471,105.4452,348.0663,487.1764,425.9359,408.6798,554.0777,61.5736,349.3146,375.4818,295.1741,108.0535,2.3961,312.8782,89.5738,99.096,309.7339,447.7702,117.2452,269760.1315,269569.2588,270863.9899,264914.4946,264144.6433,206134.4095,269516.867,251625.6043,209975.9603,227225.149,261492.2944,264660.4424,246323.8315,227557.3453,273900.6897,237112.3158,greater than 3830819.051
434.4997,15.8755,121.0288,162.998,547.2836,445.3578,375.7572,128.9403,156.9952,349.4976,258.8194,509.738,350.1205,0.0,266.1765,490.949,64.3308,466.3259,219.434,322.4775,15.9794,193.527,174.6605,505.2549,454.0158,40.9759,300.99,107.1589,231.6464,525.0874,492.7598,454.4255,210950.402,230225.505,189866.1125,230202.7785,259182.893,254635.354,215832.8714,270632.5883,239987.1887,190533.5977,247616.636,263965.3268,255685.9394,270670.1765,265951.7949,266003.4933,greater than 3830819.051
238.4684,440.0341,154.2372,566.0,261.2013,440.7792,0.0,443.0351,24.8136,408.3573,244.9195,353.9193,566.0,187.9133,253.3993,485.2529,242.0865,367.0512,355.1947,0.0,191.7412,0.0,566.0,66.9968,441.4661,236.146,516.5047,124.2561,404.0296,226.7744,465.584,97.3628,240557.5035,262933.3226,230401.5938,262935.1324,214092.0133,190619.2209,265024.5722,205901.3144,254845.293,226375.7104,267598.0136,221823.8365,265651.5699,205004.1586,227249.1715,248580.2501,between 3755820.3235 and 3830819.051
257.4901,559.3959,229.7299,315.1648,521.458,450.8032,153.9232,94.6673,328.0433,428.2008,192.2695,139.0015,513.395,516.2084,231.0661,250.2144,439.4555,411.9487,282.9768,277.7396,289.5771,16.756,407.9485,150.3913,201.1122,430.4695,29.0936,466.7494,158.2036,31.8877,482.8793,354.6995,247627.3605,265713.3982,193680.1015,246274.0039,236556.9371,201532.8209,205389.6611,184515.8619,211169.1748,269654.9008,177598.7336,263400.9326,231232.4909,236316.0791,267901.6629,222895.3082,less than 3685857.466
48.9086,306.4897,342.8179,96.142,481.2312,41.0092,472.0914,338.0227,291.4684,566.0,262.2374,407.7041,440.3767,54.2562,76.5884,299.6693,421.0396,446.0353,373.3532,566.0,146.9056,274.5896,390.7782,172.9717,33.5966,0.0,338.9937,86.1257,229.5794,161.2141,483.1101,140.4486,208175.3762,266545.1354,256621.8871,265636.9875,253399.0861,218513.1833,265898.7379,216813.743,166820.6472,264817.802,217620.1276,200133.8043,243602.8781,209118.4813,230872.0412,182983.596,less than 3685857.466
539.2954,185.4496,258.8081,497.3859,370.2275,14.8277,101.865,246.7663,46.3676,495.8848,107.3133,209.8763,175.2103,297.6092,337.8583,566.0,2.9657,499.4056,474.1435,385.106,63.3989,566.0,146.0034,534.4347,452.8413,112.6718,475.2994,204.7266,241.9047,45.2029,403.1096,399.223,252926.9405,239884.0005,235563.3676,252958.9799,226650.8586,267347.4618,175543.9291,266694.66,227754.0298,244943.308,250666.57,205412.3677,210422.1471,213758.2214,276896.8552,266067.8587,between 3755820.3235 and 3830819.051
123.0058,410.6239,402.5828,0.0,514.9802,159.0414,559.5983,315.8516,103.182,51.1866,225.4533,549.239,0.0,74.5764,213.0896,154.7828,110.9041,356.2603,0.0,251.1295,179.6885,71.2504,88.5658,0.0,327.533,486.2756,163.6598,0.0,439.8664,373.5648,281.4678,412.3958,202715.9508,265723.2907,235127.8292,189904.5591,267200.0182,193891.5566,261516.2686,243890.4376,214216.5477,265548.1773,234048.0734,225461.6237,232231.9394,235488.6905,266698.0404,269111.8005,between 3755820.3235 and 3830819.051
564.8014,427.2169,164.679,511.6874,486.9349,24.2281,250.1893,283.0636,0.0,566.0,406.9305,1.3236,326.11,166.3895,40.5597,93.99,0.0,405.8541,70.9599,359.3992,22.9231,80.656,321.7593,58.224,562.7104,162.4124,44.4079,284.4594,287.5118,402.2112,490.1208,482.8761,247876.3028,267802.3494,212031.1151,268723.0315,238219.3339,210696.332,270050.4171,222366.18,264937.8153,261840.7331,234199.8549,213200.3468,246329.229,271613.5047,254576.2656,272613.097,greater than 3830819.051
421.2188,7.3233,23.3538,58.5865,0.0,406.4287,114.2817,292.5512,304.3739,518.6136,370.5644,551.7458,212.8953,181.9228,483.3144,566.0,169.3892,550.1023,106.0341,559.7816,309.1358,110.7096,332.7923,29.3432,435.52,382.0551,337.221,164.6507,421.157,95.4325,40.3545,18.5534,245618.9526,243924.9522,207853.2055,269502.5187,237895.8166,200628.9549,236434.6949,204184.3714,266382.3339,265679.9274,265248.1541,261135.8257,264527.8668,217639.9187,236459.2054,252552.5676,greater than 3830819.051
142.5786,318.9748,420.0641,483.626,385.4449,88.0073,234.5714,91.5659,298.1063,128.047,66.5381,136.2238,380.2435,61.539,504.7783,406.5994,309.9657,206.0208,227.2048,40.7703,18.3929,565.5167,288.9638,73.9294,280.5471,149.3512,0.0,479.4902,192.7082,358.3237,440.8491,144.5585,256516.6375,230894.0298,246398.1328,259233.2001,200442.8045,265066.9057,264858.4484,172309.6663,263810.2343,199154.4215,156592.3656,262032.4875,223300.9198,225562.4547,265559.6553,206823.8775,between 3685857.466 and 3755820.3235
236.6564,253.2488,187.6573,124.5346,214.6341,395.1484,474.7233,347.7177,258.4687,64.4156,566.0,535.879,19.0418,145.8304,0.0,33.3625,127.6383,340.2576,17.987,165.943,401.4067,51.5053,160.2983,72.933,20.3084,540.4266,16.487,63.2443,261.886,434.2491,566.0,451.0312,246301.8466,259421.1956,205124.9094,219091.7206,272539.7903,244130.5346,267044.6871,255211.9826,216073.8668,271548.1242,248429.9534,268519.6496,206321.0254,274745.172,271041.158,225355.9748,greater than 3830819.051
136.2423,169.3529,450.7295,482.8565,195.7367,95.1919,502.5117,536.8172,11.0435,554.7164,294.3994,565.6854,559.4393,489.5021,169.4968,30.6774,300.3017,456.0118,79.7362,7.5207,66.5311,550.1544,544.5909,89.8815,34.505,462.513,547.1412,268.7561,27.156,456.5837,397.8017,457.9584,193600.4146,254912.9479,219458.2371,182739.7074,219573.5692,269579.8404,265293.7978,233331.1559,204569.9382,264270.3713,268810.1938,251526.5867,230838.7478,221532.4561,209144.3102,239139.9997,between 3685857.466 and 3755820.3235
329.6631,59.5626,228.1993,40.5575,426.1773,19.5532,403.494,524.8703,142.9511,364.9361,50.4025,479.65,423.1038,179.2925,9.0387,393.5682,197.6815,474.6165,261.6125,524.2447,464.59,341.8436,518.8,565.6854,498.3342,381.3709,78.453,48.1751,313.4543,64.6773,221.91,137.441,203429.7005,226331.4056,224188.2696,273348.246,218891.2084,207809.9675,258776.5593,265239.2416,267583.4363,201689.8158,205310.9879,254428.1059,223611.5253,191961.6686,204324.0297,221542.79,less than 3685857.466
0.0,129.958,566.0,329.4492,73.9829,12.3436,537.7378,338.2155,204.7155,369.0107,436.6944,152.1291,374.7003,412.9153,463.9138,36.8516,566.0,370.783,132.341,452.2332,299.9049,231.8959,387.5051,341.0264,0.0,484.4789,0.0,240.85,240.6639,155.8183,236.1409,506.993,266474.9939,267748.0364,261776.7226,223762.2786,219692.982,199385.606,266289.461,225416.944,196654.5815,266294.1628,214883.239,226160.9316,236704.0849,206525.3954,240479.4114,257280.8845,between 3755820.3235 and 3830819.051
289.0893,566.0,0.0,74.4285,362.4062,337.2361,155.1913,521.7008,505.5062,259.5557,111.1252,53.7667,481.1571,141.7398,423.8978,408.0047,286.0127,100.1461,391.0,545.5169,488.4668,66.8298,566.0,342.6042,74.3392,493.5097,446.5639,243.8334,29.1453,219.6774,371.0766,457.3988,209957.9098,262907.416,217003.88,254945.9791,270258.411,225024.8861,264436.179,270107.8612,224897.3194,272700.0942,224582.1955,203897.2974,190751.1608,211719.1725,245765.0225,266362.6586,between 3755820.3235 and 3830819.051
332.0254,564.5535,13.0848,21.1469,244.6817,203.9248,86.0105,527.6342,504.4296,191.4376,100.3471,114.1403,370.0133,287.4498,460.8894,393.9977,231.3407,0.0,365.8988,557.9159,485.688,174.1514,333.3047,143.7435,24.0103,511.2609,541.177,212.065,163.1703,276.5196,199.9787,318.0952,232936.8015,264730.0127,217274.4495,270737.0103,270944.7805,215718.7207,219301.8933,272647.109,237709.0998,272735.4533,271685.1283,221301.5801,222284.1157,254376.2956,268353.7692,268173.1655,greater than 3830819.051
548.9509,202.2383,484.7858,69.8253,21.6852,25.8936,534.2231,95.8422,404.6032,195.702,509.6464,0.0,409.5328,540.6117,545.6611,565.6854,86.6764,395.7798,49.1846,293.3439,475.4307,539.8144,21.5617,26.5588,37.4008,115.4813,250.1064,379.491,381.5279,138.121,565.6854,433.0905,213522.8522,265817.7569,184802.3012,247611.2237,227954.0463,264847.4306,192409.3069,206301.8802,203024.5977,234870.2926,235595.2758,216546.9041,245086.5999,243708.6674,265334.7111,252059.0812,between 3685857.466 and 3755820.3235
566.0,520.6846,475.3692,430.8189,385.1416,339.4643,293.4391,248.1237,203.9763,159.0366,115.3056,69.9903,0.0,566.0,0.0,515.9998,0.0,21.1309,42.2618,64.9614,85.2982,105.635,125.1716,146.3025,169.7761,191.6946,215.9351,237.066,278.8474,566.0,566.0,566.0,261987.1817,258083.2284,256176.8079,256061.6544,250547.9055,250059.9004,251698.4545,250481.3131,253763.824,257255.9496,260968.4815,261854.2128,261834.5809,268245.3119,263961.0711,251721.1577,greater than 3830819.051
345.5332,566.0,0.0,87.0639,421.1358,180.3061,134.5131,554.653,566.0,185.1272,174.3802,123.6152,374.0309,44.415,525.7846,356.7896,356.9221,90.2043,351.7876,566.0,520.0715,9.0702,399.7777,350.2984,21.6977,263.525,510.3407,225.8658,130.113,266.6406,224.4879,283.3367,244900.8237,254652.9779,230496.1602,266968.7601,265248.9833,197172.265,229276.1882,266634.2536,219661.5447,238480.439,270340.067,198955.297,223764.2446,216989.885,237865.1732,225435.4118,between 3755820.3235 and 3830819.051
171.3929,380.0667,566.0,17.8284,80.0829,314.1277,389.3301,440.1906,510.6567,219.849,0.6928,162.2647,427.9,548.9933,333.6046,78.8287,435.1183,566.0,366.5582,462.7646,380.031,506.7165,330.7746,6.4541,562.5025,232.11,534.7927,212.1038,96.7775,0.0,75.3849,299.2322,253534.3989,269531.2764,263968.4399,244708.2314,245169.9533,234649.4704,237700.6073,224429.5568,265044.1891,223823.7739,267712.5906,200465.6167,236740.901,258543.6464,217782.5747,195835.1695,greater than 3830819.051
0.0,21.3563,122.7548,49.9423,478.4234,31.9368,344.6941,148.4524,399.1136,416.7829,4.3673,559.4632,445.1233,207.5464,493.8008,112.0964,511.0922,464.2794,565.6854,6.8384,95.8773,563.6012,11.5145,460.1293,57.3729,505.3357,405.296,210.8691,559.3027,446.6414,303.2734,502.3393,218182.6787,185948.8146,266336.137,212335.2555,221861.0638,266482.3669,194864.8543,252194.7299,208640.7004,222657.1093,160858.5673,264937.7639,265421.0654,273478.3207,260916.6453,232792.7308,between 3685857.466 and 3755820.3235
54.3025,0.0,477.1098,506.1204,289.5789,446.6332,480.3568,128.4293,385.1323,413.0824,114.2178,264.4186,174.759,33.9775,524.1333,107.3177,566.0,355.3212,214.4099,382.6221,0.0,74.5378,25.3729,383.8699,62.7323,530.974,75.2984,465.0929,336.0501,179.0181,0.0,278.0767,266493.6668,245012.4288,242712.4617,266334.8433,210252.5417,230442.7046,243583.3297,253189.36,213771.5784,265319.5614,211170.842,259236.986,232600.3774,190336.1413,257096.4149,192463.4127,between 3755820.3235 and 3830819.051
332.1209,566.0,45.4229,72.7203,470.6445,494.5571,196.2578,352.0315,331.7162,419.4786,65.5215,283.8109,502.1431,147.058,397.5564,566.0,462.9542,295.6003,423.9519,308.559,296.5379,251.787,379.0131,566.0,214.5329,566.0,566.0,333.1855,94.1048,521.423,145.2965,21.7126,212331.7332,265443.2104,220222.6434,203505.972,265725.2513,214154.9807,233786.3838,261641.4222,228370.7346,267223.397,270303.8914,216186.9901,225286.0174,271500.815,204198.3162,255819.9004,between 3755820.3235 and 3830819.051
88.4444,64.3923,16.5529,470.8213,452.9094,58.9929,101.7709,426.6591,548.8475,117.1402,75.2298,74.2498,2.9486,398.9404,10.4396,565.6854,48.3503,561.4853,511.7067,170.1712,464.0807,459.5387,111.1244,518.9375,565.6854,559.09,405.0548,180.0828,0.0,357.8925,441.4264,102.8581,180834.0725,255767.4424,219777.5172,244774.9038,222308.7997,205670.149,214054.3682,259458.0541,265207.2129,271633.0979,203713.0998,219449.1896,170636.742,203483.6033,173145.3925,259561.9156,less than 3685857.466
511.2395,428.1376,566.0,58.6658,428.972,124.3387,245.7423,103.4913,363.3125,29.2385,305.0276,566.0,0.0,57.2398,500.5223,420.777,172.3529,464.6904,125.6117,199.2836,130.7866,375.6176,251.6691,493.3931,473.7013,518.5743,323.1246,72.6311,566.0,356.9309,363.4013,187.5103,258107.5788,269693.7237,267001.7377,202286.8505,191191.0228,251778.1724,214315.39,273752.2726,267358.6692,253110.5782,225344.9793,219126.5615,267054.8575,208210.1481,268005.578,236668.7586,greater than 3830819.051
530.057,436.457,179.3807,491.4163,479.2497,63.4252,270.0024,300.2051,4.7848,537.5531,382.3485,0.0,324.8298,166.2963,14.5624,123.0581,30.2908,393.3464,91.1732,307.1471,20.2263,77.6693,342.8135,82.3792,566.0,195.0512,58.1903,278.1458,278.7897,407.293,475.3683,458.1265,245658.7749,265579.4817,214846.4533,264816.1927,211754.6045,215241.3318,269273.0835,218944.5467,267249.9853,259509.6929,226762.368,215853.5368,249677.5662,265656.6338,246322.5841,269785.5293,greater than 3830819.051
560.0657,414.6252,468.3089,466.8387,266.4984,322.2106,88.8466,212.8768,113.8411,259.0583,270.17,0.0,132.5126,0.0,407.7351,64.6034,565.6854,56.6709,363.2956,100.5095,206.0918,485.1763,288.2144,41.0048,103.5253,139.473,494.9081,499.8755,543.2129,98.6399,319.9924,413.7977,265159.6782,205002.1316,246527.0135,246598.6547,217083.2722,269776.3895,216802.8519,191482.2815,205600.3246,185224.8565,263873.6093,263058.3183,267833.7177,202084.0336,221908.4801,236637.3314,between 3685857.466 and 3755820.3235
180.6372,139.5599,565.6854,554.7766,523.8118,385.7295,172.4216,442.0944,147.9044,392.8014,435.9589,526.1091,301.7383,137.509,494.3222,82.0448,197.4097,150.3409,30.9626,548.7004,445.874,427.2759,481.5334,481.4945,356.405,336.6689,178.568,81.1888,522.1873,301.4013,237.0412,60.1035,206343.1707,165922.7305,252561.2833,264858.6482,236294.9881,224324.4337,263054.8272,254058.0986,224169.2727,192671.8518,195074.8875,247465.4324,269329.1677,188509.1396,235753.2791,163319.3692,less than 3685857.466
566.0,284.0421,397.8991,162.4235,28.1679,9.534,245.5964,317.4985,122.9397,525.9852,10.6229,391.1199,468.0341,522.8492,155.7475,66.26,0.0,401.1138,110.6354,185.7945,232.7842,435.4378,172.2854,129.1717,242.9316,331.8379,566.0,363.4268,94.0447,42.3396,501.2534,419.9194,261184.1463,270779.2689,244897.0392,227699.051,214305.6221,242764.7778,235978.6579,242812.1108,232710.9551,265927.3341,265011.1691,268989.3141,254503.0061,264139.3574,266629.0207,245997.6551,greater than 3830819.051
544.316,0.0,320.8737,452.5483,335.6418,565.6854,337.6944,281.2832,394.6222,107.9345,452.5483,227.3745,398.0381,255.7318,0.0,412.5795,282.0447,246.3913,452.5483,422.0767,234.5641,235.569,0.0,124.4196,421.1159,565.6854,241.7023,115.6348,82.9552,320.0397,344.8147,181.2582,269535.9673,224424.3187,272796.0712,268676.7524,221561.699,238754.6141,163436.2295,179933.8994,260940.9082,266025.7392,234525.8523,181638.2471,175449.0756,223154.1987,248745.273,193514.976,less than 3685857.466
99.738,0.0,522.5681,294.6413,27.7416,0.0,522.5359,364.1935,254.9187,281.0844,566.0,132.9096,263.8882,332.9942,566.0,161.5834,566.0,360.8724,161.3194,367.0216,407.667,263.1712,275.2932,295.4596,0.0,510.2951,0.0,483.0292,70.9282,182.3685,314.5513,334.0275,265521.7141,196226.5505,223924.0172,254289.3961,223847.7202,188978.4029,225879.5308,274442.5654,170291.7531,265574.9195,254171.8419,254975.489,191486.3241,226116.4224,265980.0569,233357.492,between 3685857.466 and 3755820.3235
566.0,477.382,238.6344,532.0726,443.3459,103.2129,264.5793,364.3447,15.9895,549.7005,492.2756,33.2536,354.8151,173.9151,0.0,152.1085,0.0,488.3263,72.0424,417.5518,90.8578,78.893,360.8263,72.918,566.0,175.4273,222.6873,269.6949,319.1292,341.9495,428.5884,444.2507,249719.7721,264811.6595,216082.3794,265519.4981,202108.5505,206019.5505,265442.3165,205264.477,265934.4236,260159.1366,244184.765,222788.6073,242939.0658,243738.532,246891.1665,269376.1979,greater than 3830819.051
566.0,208.3732,303.8929,122.9759,466.9095,355.1505,349.8521,148.8737,28.5542,566.0,327.8839,566.0,288.5719,168.2399,116.4861,442.1645,260.8507,295.4527,156.5586,368.397,176.0437,221.6051,0.0,566.0,407.6941,161.1974,359.3079,0.0,102.5327,258.7747,231.8023,566.0,264984.3269,246101.9506,212909.0458,249670.0086,246752.4966,249720.7898,209106.7951,266358.9411,251977.6438,236834.1356,248693.5257,240917.8152,179011.8171,206081.0668,182085.2865,265462.4106,between 3755820.3235 and 3830819.051
185.7511,405.957,82.3733,426.1007,566.0,97.9146,364.1532,494.1979,321.612,0.0,210.1736,499.7714,37.7313,310.742,290.816,151.0569,284.4413,125.4433,177.7042,12.6562,461.3239,545.2836,77.1046,218.1296,0.0,566.0,343.9861,287.5695,149.7365,262.8207,181.7319,359.018,214371.0367,218439.2526,201118.8648,213490.1575,264930.1556,266819.7735,195615.1708,214387.4604,170837.107,270863.877,274439.5606,241762.0771,183052.0408,262893.718,218566.4671,265347.9889,less than 3685857.466
212.6003,566.0,84.1549,534.4665,427.424,139.7895,0.0,448.3204,392.4755,212.59,409.5782,238.2692,513.3738,161.5632,141.6476,329.6197,263.7738,349.9545,164.2387,173.3147,432.9553,235.8212,398.9918,288.0368,566.0,387.6024,0.0,531.9403,10.5663,434.5603,352.6714,0.0,211345.1541,268717.1254,168466.3053,246128.3978,257743.1214,175308.011,267311.6379,240201.3026,265170.8375,228809.3571,217033.2323,265893.9156,229884.549,238437.5114,190420.1199,215580.2237,between 3685857.466 and 3755820.3235
489.7992,0.0,0.0,0.0,80.6572,566.0,8.0856,90.5162,383.9959,413.1241,400.9127,424.6267,168.3582,134.4667,566.0,566.0,84.6187,566.0,52.0788,424.7583,470.506,254.893,317.8225,20.0447,442.5197,162.5965,106.3425,43.8327,389.2986,156.7431,157.749,61.3195,224778.8716,266207.0802,211267.5155,228109.1273,268624.6078,267748.8659,209154.6788,212217.3454,265753.1167,252850.9914,208460.4596,180155.9305,270211.349,236952.2682,238208.8297,230306.3276,between 3755820.3235 and 3830819.051
484.7081,458.3607,209.1756,315.5279,300.8916,329.5477,162.3441,400.1624,61.7407,5.4635,400.7159,180.6499,563.6697,99.096,520.1565,539.8726,7.6378,261.3481,276.148,77.86,496.1753,266.0138,514.7893,495.15,525.2415,546.7426,47.3077,413.2354,39.2358,405.1654,427.8713,200.7682,217602.0703,239492.91,221565.8184,208674.5655,269309.1715,236705.2956,269606.3722,265723.4158,276666.4848,270512.0945,222783.5535,235298.0189,253474.1932,221892.335,267496.6623,260187.2379,greater than 3830819.051
566.0,395.5292,131.2181,508.9545,458.762,49.0618,183.981,271.5023,0.0,545.5322,385.1644,46.7736,322.5613,189.6216,0.0,66.6788,0.0,427.6142,120.45,369.9091,9.6679,88.9192,373.3879,83.1928,564.1824,224.5377,35.6788,232.8118,267.5541,433.1236,487.4112,442.8456,257689.0191,266013.3213,217832.6237,267273.4856,243214.9683,190703.8391,227431.8474,219966.6387,265896.8965,259517.5994,237372.9592,211054.4206,238486.4145,268183.7892,234054.0659,276161.7647,greater than 3830819.051
171.738,429.1491,360.7257,565.5057,58.0276,250.0868,276.8111,423.7938,239.7502,496.5678,98.5383,498.5601,544.7873,0.0,320.618,379.2905,372.5513,337.4412,454.1496,292.7911,396.2562,566.0,369.2609,420.3866,91.5589,156.7265,0.0,0.0,540.2344,290.4306,528.2386,179.0278,228751.4166,218445.5559,259062.2249,261081.1603,255029.8176,271013.5298,204198.2844,255514.8414,185434.6593,225560.4063,183678.1056,228302.9627,265148.2354,220047.3342,271736.6529,202644.9552,between 3685857.466 and 3755820.3235
47.4913,505.8879,540.8957,130.1327,65.8062,188.3018,17.0558,500.9502,288.8328,176.6135,294.8863,71.7966,142.269,430.0824,246.0152,34.402,164.7683,414.1111,119.7396,313.071,441.3824,341.0212,71.4023,49.8841,103.1528,212.568,478.3514,45.257,430.9932,10.6089,558.6339,401.2427,175841.0963,265796.2083,263402.9026,189472.1246,262164.2367,222186.0916,167433.8908,222644.3529,244097.4261,204541.7347,262804.3934,181478.2715,244879.2587,218415.3067,264969.8674,209764.2668,less than 3685857.466
445.9073,162.7482,0.0,265.8913,566.0,483.1377,162.7276,14.9105,100.9235,304.1833,367.2688,563.8309,395.9032,44.0498,288.4947,430.9213,39.5153,397.965,203.7595,323.8714,4.889,144.9352,159.8688,391.3262,434.9441,29.0165,230.0267,117.492,150.8928,553.2648,537.0022,369.5067,214173.9511,254813.3486,201389.9123,254103.9537,242542.4458,269950.8919,214686.4008,223641.9528,261527.3999,200426.2208,238708.7852,269902.3869,241110.2971,267263.7995,265309.9667,266948.8202,greater than 3830819.051
9.8531,78.845,489.6199,156.9306,8.1175,36.1003,405.7562,326.3946,218.8762,357.0319,548.0653,167.2784,177.2026,534.3269,422.2738,265.5329,438.3601,393.3017,36.4657,519.2327,562.5794,224.7823,342.7049,57.3783,108.6478,501.0268,2.1944,367.4118,203.2439,123.5624,43.712,201.5287,237484.8589,247824.6688,238652.4031,267105.053,266634.8538,202360.7927,262120.6271,250131.436,200363.7115,265473.505,251430.84,246842.6531,228854.3445,266936.7087,244743.5928,237440.4337,greater than 3830819.051
441.719,299.4535,390.7873,40.6511,284.005,135.155,544.0687,504.3313,337.1708,83.1157,174.002,542.6365,10.2341,105.1166,565.6854,210.7882,90.724,495.5924,545.3286,440.6622,176.971,303.271,108.8768,54.6871,58.5611,47.3081,511.8072,0.0,509.8869,481.0758,469.424,200.4152,252010.2473,248974.2647,265429.3807,215379.7518,240320.3409,217799.199,258149.4312,225277.7746,238342.8448,193653.8685,271371.3714,228423.0372,274235.8281,246893.6601,265591.8572,238202.5654,greater than 3830819.051
386.0382,0.0,318.7976,0.0,566.0,161.1847,429.8866,232.7673,178.3766,65.1432,2.0736,566.0,132.086,0.0,22.002,435.1522,146.8102,255.5571,14.8278,539.7791,0.0,527.0347,0.0,195.8478,0.0,382.7326,489.1402,215.0155,129.0137,314.8915,161.5288,566.0,255801.1451,179646.1289,230329.697,271249.9886,253395.4014,266792.6156,244258.7436,256674.9087,221133.7277,240504.3659,221945.5077,264081.9604,234480.5359,200462.0713,212172.6608,264991.263,between 3755820.3235 and 3830819.051
164.0714,453.9855,27.009,0.0,559.931,455.3914,198.6175,435.3287,328.3629,396.0736,116.1985,181.4614,467.6816,58.021,537.4138,234.3686,217.8516,235.9991,557.4422,421.1038,345.5038,95.658,439.9693,514.7577,221.0249,427.1421,492.233,164.138,17.1566,381.9737,40.962,335.771,207878.7026,237818.432,266189.5815,231312.3973,266699.4135,227538.9711,271029.1068,265638.5136,236063.8026,230678.8443,270608.487,186118.8624,200866.8364,226765.4318,254164.7711,243206.5911,between 3755820.3235 and 3830819.051
139.9526,344.6268,165.6751,221.8052,376.8984,468.6358,460.5441,422.0362,364.3873,50.2922,157.9564,0.0,9.1886,493.6455,0.0,77.9359,275.8322,63.731,360.2528,44.0164,336.8234,44.8023,547.7295,161.4462,208.3612,359.8265,438.4856,444.1258,519.3468,92.0529,363.7294,501.6945,208113.0607,209161.1261,234869.4332,219649.8171,244921.7451,211991.0656,265166.9474,259317.1016,236867.1375,219463.2766,269142.5369,208155.9086,272952.0261,263960.9223,185606.1147,271061.8739,between 3755820.3235 and 3830819.051
393.368,77.1487,91.7586,436.1722,432.5544,172.3538,506.8612,280.3529,266.305,53.6573,527.6287,124.6245,337.7506,43.237,54.7177,128.614,58.2266,290.7966,234.0353,314.1229,189.7897,69.3041,178.3426,507.3882,565.6854,378.2059,364.0362,320.4795,191.1936,494.0647,547.3862,493.5342,194100.0493,174325.4876,170705.0626,251103.5064,224204.7648,213947.7621,247896.8637,233553.9527,266047.1822,196416.7657,266571.1533,223870.7459,231393.5885,221898.9873,269058.2431,260355.6228,less than 3685857.466
97.0432,545.38,522.5203,9.9014,473.8672,101.6527,401.2322,507.7754,191.7859,38.6945,105.9794,218.8063,47.4799,43.7908,505.5108,111.0162,12.7562,537.1822,252.9811,332.1929,361.6308,179.475,504.6553,79.106,74.1386,561.7204,453.3269,338.9803,444.6588,375.4139,424.5017,66.1952,158183.5404,265368.5112,245579.9964,178120.1561,206998.0502,213269.4806,266497.365,234020.5097,216529.6999,265489.9996,268814.228,254122.7556,230844.8359,192679.9322,236350.7315,198086.621,less than 3685857.466
75.3845,0.0,93.1864,84.5381,467.7837,471.6813,418.1647,33.2612,11.0917,543.082,124.7137,485.0862,326.4033,543.6347,514.2385,236.0624,61.9648,121.989,158.7316,556.0237,49.5113,442.7439,29.6193,179.6737,503.8193,565.6854,10.5658,565.6854,503.4829,34.1699,115.8239,0.0,201907.3549,188165.0439,240148.604,267763.5565,217716.1143,214728.7909,202660.9986,235798.1225,242170.975,268928.3642,225412.9797,256639.8038,262270.5785,247116.2408,253037.0108,238443.4549,between 3755820.3235 and 3830819.051
386.6869,263.7379,196.7189,467.7419,289.3502,3.5763,273.3685,563.1228,434.8032,213.5481,565.6854,122.8235,463.3866,148.9796,160.7906,73.7484,217.1282,94.7681,130.0324,535.4748,474.2051,565.6854,39.9427,0.0,17.6683,7.9793,288.3941,146.1122,75.1564,381.5183,86.0454,515.487,249303.896,232220.3026,237985.9919,265446.2109,264771.8857,266868.5259,195649.3001,256716.1847,206472.5382,167088.1334,264281.5701,228404.3256,239751.3636,252254.4678,184839.2073,272472.8547,between 3755820.3235 and 3830819.051
452.0553,142.0662,494.8552,525.8963,363.1249,566.0,151.7542,232.8118,533.6531,0.0,467.082,344.8261,130.0723,198.7944,234.198,94.543,484.2914,183.6875,269.7631,127.6468,382.3314,417.913,343.8365,154.4707,0.0,457.6613,181.7006,0.0,83.6541,405.2714,356.3916,328.8272,265417.1144,192920.6739,237938.3513,247648.7367,243618.3815,267312.0217,224556.4899,213589.4909,237209.9469,267644.8547,211635.6808,206787.8234,166223.1144,271304.9351,253106.8134,232006.8794,between 3685857.466 and 3755820.3235
479.4699,69.1855,164.5426,398.4702,509.1169,143.7683,509.5248,213.5325,142.4072,121.075,484.3772,199.3504,11.377,458.3756,482.1399,356.7652,122.7509,502.8985,377.0319,64.4567,169.7365,486.3806,445.9666,154.8522,102.5944,436.7124,524.3427,457.4246,287.6394,56.6129,270.1675,199.3937,197657.2431,272508.8549,208943.3355,186539.6846,242028.8227,274727.508,247284.7939,229948.7753,193608.45,207996.2118,264574.0716,273878.1221,197313.6265,186372.8331,237435.0727,229668.3919,less than 3685857.466
57.2654,287.3501,146.9299,215.3166,0.0,566.0,63.2596,355.2895,185.6332,399.8999,524.8236,167.9263,149.3036,466.6508,0.0,457.8823,410.0844,420.1819,138.9083,467.3481,476.4448,472.389,131.8748,129.9517,294.1373,525.0535,377.2967,421.8384,566.0,314.2414,329.6946,561.6535,247116.813,245574.5199,184867.2681,267212.4392,259426.9915,268305.7526,176603.9219,205157.5844,194655.1968,234525.9069,230401.8058,216342.7539,269463.5092,205159.4348,192138.0718,264961.4534,less than 3685857.466
359.9987,155.955,170.4518,214.3365,345.6715,257.2043,222.0346,91.5967,164.5291,493.3264,94.7044,545.977,398.8428,265.7089,195.9741,382.2313,45.4893,390.0895,96.1499,426.8687,211.1875,0.0,118.6949,566.0,221.3987,58.8218,159.5007,42.841,84.6485,559.1718,516.596,452.3485,206217.5712,193487.6428,177001.0399,221063.6564,248081.6954,199989.9178,221210.9919,269701.1946,207776.5,268156.9905,188960.4482,271682.1957,262163.8148,265662.6887,240803.1297,268644.4402,between 3685857.466 and 3755820.3235
0.0,161.5081,565.6854,452.5483,426.8722,0.0,280.9849,0.0,120.1186,339.4113,73.1867,565.6854,205.7453,565.6854,464.2715,131.2335,145.4431,512.4278,474.5375,439.2796,104.9853,426.089,0.0,298.6355,395.9798,526.7999,565.6854,116.3978,421.3216,0.0,565.6854,166.3359,186035.1909,272939.1739,268332.4189,236383.3868,242435.4619,238491.263,217988.3823,194057.119,215054.3782,262106.515,268610.7819,256609.0424,243903.2194,233883.6208,265666.8795,203885.7,between 3755820.3235 and 3830819.051
290.1562,565.6854,171.8598,367.2675,222.886,191.9984,501.9649,432.4014,62.7833,326.393,0.0,184.7221,565.6854,192.9405,119.3114,427.4614,543.9857,128.6037,168.0275,261.3421,151.8735,488.6547,0.0,152.1878,554.7311,145.5722,522.1492,86.7655,65.6328,407.4772,538.8684,0.0,265351.0926,266739.4568,228147.6732,268280.3765,238027.7135,254221.4451,215434.1435,270029.2535,269563.0244,232295.5393,238579.6647,172527.3575,228214.88,213058.7914,275845.9812,221618.0691,greater than 3830819.051
275.5388,58.4309,0.0,566.0,428.3692,566.0,0.0,0.0,113.7049,89.8401,402.4414,167.9587,60.8868,462.2182,325.6946,566.0,220.08,510.5373,0.0,566.0,566.0,184.3101,497.3583,566.0,566.0,413.7775,100.4698,422.1673,566.0,406.5527,0.0,403.9389,230499.3492,197597.0408,201775.6971,265374.3146,269013.0341,246990.1875,178650.3609,260678.6097,270508.186,219212.7824,220676.7075,261779.5971,258580.2103,239390.6512,198216.6775,250245.9626,between 3755820.3235 and 3830819.051
552.9551,428.1046,172.1532,544.1837,459.578,5.2276,232.4704,289.295,8.8241,566.0,402.2598,0.0789,343.0898,203.2357,42.7505,124.5839,18.7468,463.6612,90.9529,373.086,43.1471,94.7901,316.3476,56.7619,555.4549,246.7747,63.3661,298.0472,280.3964,399.1965,493.8466,482.1879,247210.6027,266009.5375,210904.6308,267762.3526,238759.636,206503.4553,245815.5109,219152.1498,266442.761,253158.6142,232097.3723,218131.3234,244272.9603,270581.8222,258023.7393,270530.0618,greater than 3830819.051
469.7052,24.8654,417.1894,532.0934,179.4749,297.1349,0.0,228.5352,464.5392,491.344,530.4938,75.1048,565.6854,35.3783,8.1631,117.4861,257.4054,431.6065,140.4209,332.0264,436.2645,420.727,81.3186,127.4157,161.6788,492.2133,5.7931,183.5456,104.7578,309.734,151.6555,314.4931,223989.3065,270834.4641,190213.588,259732.2095,271392.8657,264167.4398,166620.6211,233653.8865,212207.2416,265238.221,221199.7912,203062.5509,259280.0539,231150.0424,181909.5922,230134.8892,less than 3685857.466
357.6826,264.5356,260.3138,98.0505,214.6341,395.1484,472.6038,347.7177,258.4687,64.4156,566.0,535.879,0.0,145.8304,0.0,33.3625,307.6342,343.2083,154.2395,145.683,401.4067,51.5053,67.4189,72.933,20.3084,540.4266,16.487,63.2443,200.7148,434.2491,566.0,451.0312,268578.3816,270835.4898,223733.9197,212495.7544,272662.8681,256096.5357,263556.8774,261713.7622,200250.8089,271070.6116,250862.7402,274476.3857,208103.4894,274704.634,271484.8383,225533.2216,greater than 3830819.051
16.9219,557.6186,314.1719,424.1228,256.1544,565.6854,281.1131,121.9373,369.2067,139.2797,416.6745,6.6602,356.0743,79.252,130.5874,326.7609,454.3682,543.0865,269.4066,361.7669,116.0103,401.9712,190.8598,223.8416,565.6854,407.4443,447.2491,510.1446,60.246,557.0461,565.6854,402.2437,195139.4645,265817.7133,189266.4379,215073.9482,167452.0428,250234.687,175789.3951,206978.8846,267160.0811,251677.9803,250268.8951,234837.946,210302.6016,244890.6835,269506.6076,224641.5751,less than 3685857.466
565.0587,484.6986,83.1704,185.0032,501.64,14.3379,75.0641,477.4906,31.9938,168.1477,565.6854,439.1596,43.3339,565.6854,516.8378,156.008,0.0,442.7846,417.8291,455.9776,86.4034,470.7712,42.8121,134.0966,90.9104,20.7761,142.6135,542.8808,554.3777,552.1291,565.0911,537.6837,240492.8421,206816.5268,224500.8337,253643.2652,199226.3718,226760.8258,221383.8487,242220.6016,213249.477,225218.9428,252347.2417,252537.9514,270267.5979,269370.5899,262999.9394,268203.71,between 3755820.3235 and 3830819.051
0.0,75.6581,533.7436,275.5659,249.3194,0.0,566.0,499.7438,311.5202,414.9717,455.556,144.8341,87.7591,566.0,248.8287,44.1544,566.0,336.56,55.9993,165.3048,356.73,91.3769,431.9251,177.7165,0.0,472.8625,7.8032,373.0811,174.9069,162.9036,266.512,406.9166,266091.6857,227084.916,218921.3625,230033.8597,257644.1358,186296.4582,265446.7616,251808.7692,222984.0103,266466.8995,198860.6074,273069.5681,201914.9627,259715.7842,224811.7324,262226.7211,between 3755820.3235 and 3830819.051
335.3796,424.6013,346.1555,201.6598,396.1605,543.4829,58.7595,89.3846,0.0,326.4915,0.0,183.506,306.9086,407.4032,426.2772,514.6501,0.0,257.8212,179.2282,411.3897,364.077,441.6239,55.7174,316.6174,359.7321,107.1869,500.7824,0.0,241.4058,66.6663,439.1375,164.3464,167443.1012,223097.0864,192326.4674,267592.3198,219589.4778,265371.6857,215993.6985,249685.2285,252705.0759,175931.588,266495.8098,193868.7356,218646.3776,206440.4945,268495.2625,255820.6978,less than 3685857.466
346.563,70.0129,58.2481,257.7798,186.5389,390.8913,97.6337,466.1522,346.4881,135.8962,72.8122,435.5008,62.5326,479.8096,221.8092,204.7866,65.983,565.6854,267.5839,72.1341,121.777,417.7393,373.5379,173.8965,483.9032,521.7837,0.9856,466.7205,508.5377,40.7403,286.3687,532.5396,227509.88,271096.4547,190767.9386,227523.6812,203752.28,222300.9655,207690.775,257902.3564,270413.3586,259301.8698,185942.5574,266556.3712,212481.5132,246988.7234,222898.5691,266718.6122,between 3685857.466 and 3755820.3235
254.7381,463.6527,564.8666,298.4794,172.7861,182.8631,218.3141,260.3113,442.1137,270.9399,565.6854,208.3605,0.0,0.0,102.5977,308.6528,565.6854,254.7945,121.6754,481.4475,109.7683,0.0,442.7513,374.1862,357.5929,294.9026,327.0618,199.8347,369.7679,565.6854,296.6373,225.7757,265107.3936,232023.2695,256295.533,260330.0298,161400.608,166489.9909,216949.816,218810.8501,273455.3721,216096.3027,265693.5455,184609.1283,245940.9738,266791.7044,223602.3243,230538.03,less than 3685857.466
565.6854,183.3129,0.0,398.4588,348.0291,455.607,339.8503,167.4058,220.3318,339.4113,353.0277,165.8708,0.0,404.8995,226.2114,111.5016,106.2011,155.6355,132.2426,109.6948,435.7525,116.0066,0.0,348.6243,371.8667,565.6854,217.5495,399.2236,201.8772,191.4088,541.5455,386.2748,266773.6324,203259.0852,179067.5278,208677.2714,249359.7758,267711.7861,178490.7729,169303.7866,221294.3046,265151.728,256818.4054,233324.3961,207104.2568,266451.3356,262522.4497,226201.9324,less than 3685857.466
198.215,566.0,0.0,56.6488,389.0376,283.8339,64.7921,268.0088,566.0,484.9514,291.0293,160.1183,566.0,90.6519,71.3086,396.7995,0.0,81.1172,566.0,273.7469,505.0728,322.191,215.9164,380.2513,402.4667,153.3408,0.0,56.3351,485.4261,566.0,0.0,314.2363,198617.0697,257367.9924,268078.6295,243740.7571,268256.738,218426.0076,203757.5516,248651.4595,233695.2828,239196.1655,215116.2272,213819.7213,265378.6977,266639.769,189845.8437,235066.268,between 3755820.3235 and 3830819.051
264.0576,378.3187,543.2711,100.0207,453.0679,215.3168,506.4681,317.0871,277.2749,242.2011,218.0031,439.3698,39.5789,37.514,74.1388,551.4093,156.4644,357.2245,49.2046,190.9027,191.6457,0.0,4.9842,100.3854,447.8227,398.4131,298.55,13.4875,479.2381,566.0,337.8127,260.1884,237059.5471,268443.6544,253769.9634,209137.5088,246734.3992,187741.409,207954.8888,229320.1862,265693.557,225514.2778,213238.4256,223575.3368,235288.4929,266217.3663,251310.3604,266337.8426,between 3755820.3235 and 3830819.051
207.4934,565.6854,381.1293,128.1226,0.0,139.8473,435.5586,282.8427,38.2437,355.5522,275.6919,0.0,308.7911,113.0271,166.5644,207.0855,565.6854,208.5824,430.6067,8.7047,0.0,160.9162,565.6854,372.568,309.9924,565.6854,0.0,195.4401,424.7226,565.6854,282.8427,211.1708,269517.5075,264499.2167,228366.3392,183476.6091,175317.7641,167087.5507,265688.6434,182342.2695,226202.2488,265612.6059,223172.7478,197287.0614,216733.8415,269783.9975,201836.1996,185354.3732,less than 3685857.466
56.0329,546.5806,55.6771,523.2466,382.4487,5.5339,166.541,489.9066,565.6854,112.7644,536.8015,425.5506,94.6879,521.5426,475.067,133.3583,51.9431,88.5505,0.0,42.2793,138.4141,549.4679,460.2523,517.654,549.5803,40.2618,486.1615,383.1578,402.8823,415.0067,74.7392,193.9507,207830.227,248784.3675,154141.0904,206250.4596,215462.2172,265429.9654,267966.9494,248885.1452,264720.0496,205322.845,223704.2901,203284.2075,238803.5858,193809.6382,226572.4363,229525.7879,less than 3685857.466
566.0,528.2645,482.5872,439.7289,395.5815,353.648,307.9707,267.5199,229.2176,183.5404,137.5151,91.4899,26.9402,0.0,566.0,515.9996,0.0,32.803,53.1398,78.8917,102.3653,129.5972,149.934,179.3233,211.4627,231.7995,251.3361,270.8726,319.5143,566.0,566.0,566.0,255253.3704,260865.1239,253920.3592,256229.0806,248435.725,250906.571,245944.7554,245232.2393,252582.8527,259191.4084,261612.1516,263892.7231,262385.3458,263776.6106,268520.596,252032.9185,greater than 3830819.051
199.8148,396.7797,560.6399,177.2495,507.4409,333.3995,0.0,224.1514,101.2613,132.6691,442.461,89.7856,5.3014,322.4725,556.7213,445.5356,303.923,106.2888,25.1623,476.0396,76.6154,457.9535,398.5875,162.1647,359.7251,197.0561,493.1034,511.1415,12.6859,146.905,304.1542,93.7857,235279.7914,243390.3105,257323.6603,272281.1394,252839.0182,259001.7443,239783.8127,229005.136,225299.1679,201707.2971,265135.0218,270849.2809,188628.5408,242256.6947,266313.8768,246260.4395,greater than 3830819.051
332.3948,373.2556,402.2533,481.2297,210.469,395.9798,169.7056,502.4914,311.9671,445.6703,0.0,218.6942,108.688,565.6854,386.3566,280.8272,65.6347,261.2921,0.0,211.4624,444.6596,204.119,185.7389,85.8355,0.0,393.0487,375.5262,5.0296,195.5677,189.2049,357.7382,325.4341,184180.1423,218288.61,191536.6405,264462.1958,266370.6766,217165.5242,224966.5052,220594.4936,165675.1757,265322.6504,269144.5099,183314.5946,235044.652,268865.1226,235124.0663,259406.3058,less than 3685857.466
201.5164,57.4998,566.0,352.5214,49.7942,9.0596,566.0,483.5146,236.4398,385.6169,415.6802,139.2121,251.6457,512.6545,409.2975,284.9358,566.0,404.8138,92.7818,283.1625,312.0967,187.1012,191.2705,218.2474,0.0,566.0,115.3551,559.76,200.294,136.3369,270.7078,396.2817,269995.452,226959.3718,239917.3864,252709.1614,204345.5877,199642.1727,268352.6461,275905.2968,188001.3856,265458.6562,205888.1905,255342.0581,209994.7055,220065.6826,268285.8261,244430.226,between 3755820.3235 and 3830819.051
506.0292,153.2925,109.6292,295.1207,512.5221,451.6866,233.1089,103.148,37.0276,338.4831,327.5928,557.7834,400.546,0.0,342.0849,485.6072,51.3341,351.8642,261.1662,289.9825,0.0,198.5341,130.7202,475.5633,397.5038,0.0,233.234,124.9382,190.7808,565.5083,410.7256,375.5221,224061.4802,265941.0844,216773.627,235373.2677,197242.6002,247122.7541,197548.4345,268798.0583,231914.3188,197139.2359,232344.1889,265694.5149,227406.2515,264742.449,268058.7207,265782.527,between 3755820.3235 and 3830819.051
329.7971,0.0,17.6123,101.8788,0.0,391.4575,133.0919,340.2971,255.5884,566.0,394.6071,549.0303,270.1546,180.4722,495.0603,566.0,229.7539,566.0,109.2247,566.0,359.8649,136.4741,336.541,29.1434,429.9407,408.7531,282.9837,52.4174,303.6991,99.9036,58.2597,0.0,230455.5158,268245.6383,217851.271,265270.1121,238583.3916,231435.9191,248132.3764,205532.2924,268908.0496,265776.1393,258270.448,265459.1561,254451.0849,205110.5888,252933.761,232197.3088,greater than 3830819.051
566.0,176.6966,134.6449,380.0336,546.1683,499.1399,197.6205,141.2217,234.5166,305.4654,269.1181,402.3295,396.6428,11.723,290.1733,452.9148,0.0,511.6423,261.1899,398.2505,102.7844,171.7251,206.381,421.5085,476.1209,53.55,202.3255,199.645,76.5463,543.2708,524.5846,464.52,243713.15,271009.1368,201314.7459,239760.2619,263392.3481,261440.0366,215060.2561,210881.4827,236594.6344,198550.2425,225805.7621,247639.0696,208493.4472,268185.5926,266507.1256,265811.283,between 3755820.3235 and 3830819.051
10.4175,13.487,301.83,1.2789,499.9972,557.018,336.1194,10.4087,472.6465,133.4157,83.0284,523.3402,352.9764,331.6067,388.4822,546.3781,87.1941,437.5397,23.6275,223.0384,9.5557,60.3901,355.6094,335.5837,516.0341,428.7623,43.247,115.1083,419.1638,99.5221,318.2944,540.819,206775.7755,273423.1874,191309.2231,209321.4547,194465.1571,248130.7124,207135.227,223680.125,247755.5141,268651.0615,221847.1348,258331.2787,243093.1448,219074.9984,221539.0512,264775.6918,between 3685857.466 and 3755820.3235
559.5936,180.7268,108.2837,285.943,565.6854,72.7982,487.3278,10.223,502.8126,436.5,48.6865,418.1926,112.2957,109.8088,474.0046,104.5822,389.0427,0.0,377.9254,184.6104,301.2946,242.6523,318.6592,64.3428,533.1396,506.8,452.4317,427.0608,124.9705,279.4664,463.0783,552.7207,264528.6254,201988.1957,252821.3156,207631.9382,236048.0302,184013.6255,210970.8434,176887.8783,264706.4553,245380.9016,234806.6092,188542.1351,210261.8667,220242.1762,215983.6767,266960.9042,less than 3685857.466
233.3835,437.1413,565.6854,548.109,191.8614,94.8948,428.4303,24.5267,550.0379,428.4431,0.0,169.7422,279.0364,337.0125,202.1393,63.4099,345.4265,565.6854,369.7234,254.4822,157.8575,220.8385,118.3599,3.3383,428.3544,0.0,446.7166,531.0841,44.7869,433.8315,490.9088,474.0928,227537.3904,265648.9068,234756.905,224812.6361,207012.6678,202214.4734,217145.1318,185072.8412,268119.1405,208977.5281,235840.4869,272419.9067,213396.3984,246949.7928,251704.0755,251801.1686,between 3685857.466 and 3755820.3235
37.5695,187.6289,416.3058,11.2137,545.1493,48.2198,496.2606,297.8131,255.644,553.4687,218.6938,487.2393,434.2891,106.3737,93.3131,322.1175,488.8883,407.9634,427.112,554.8195,76.3065,321.7369,389.5547,310.0605,96.3961,0.0,312.6454,75.7624,75.9934,300.9018,445.4475,100.9633,249904.5771,272841.0396,269498.7863,265923.2155,263912.952,215051.1218,268859.4771,248147.6644,210839.1491,232503.28,253789.4356,253057.2533,239861.4913,225252.784,275338.9759,238498.6246,greater than 3830819.051
375.4712,435.2737,566.0,112.9073,440.8881,485.2113,421.1807,253.39,143.8369,0.0,238.2356,129.6793,563.9661,177.1536,348.3742,254.8968,455.0825,172.0687,14.2751,401.9753,404.1718,133.2318,0.3893,127.7899,69.6565,489.8021,420.784,484.0186,111.3025,459.8191,42.6238,200.0198,267407.2442,257053.9313,237230.5181,204172.3964,270011.8842,268778.8818,205130.0332,200889.9443,192882.6746,271015.7659,271562.2558,270260.6274,267167.9392,275477.0589,216134.1078,225616.9829,greater than 3830819.051
