theta1,theta2,theta3,theta4,theta5,theta6,thetad1,thetad2,thetad3,thetad4,thetad5,thetad6,tau1,tau2,tau3,tau4,tau5,dm1,dm2,dm3,dm4,dm5,da1,da2,da3,da4,da5,db1,db2,db3,db4,db5,thetadd6
-2.20568,-0.055152558,-0.27472907,1.9802115,2.2762704,-1.141746,0.06575451,-0.69808733,0.46027875,0.027861891,-0.97607845,0.17021154,75.12029,-2.7639434,-12.53645,-1.8449867,16.733934,1.3997352,0.71557486,0.83715874,2.1553087,2.4356556,0.5253184,1.5187782,1.0481995,1.6495802,1.7719903,2.0752242,1.2433339,0.75148594,1.1807415,0.7025073,less than -0.023711622
-0.92860556,-0.04895034,1.2288163,1.6232177,1.3353132,-0.45793802,-1.1534965,-2.0905313,-1.569474,-0.14340411,-1.9534048,1.4480624,-15.558372,-50.063286,63.241856,-73.48376,-43.94155,2.0424159,1.6296802,1.2332939,2.144335,1.5033133,0.898007,1.8535949,1.8562125,0.6629478,1.9670119,2.061483,0.52394587,2.3910062,1.4378277,1.0371349,greater than 0.02356751225
-2.3401322,0.23925138,0.5453623,0.1834977,-1.4935365,-0.82778406,-0.75157046,-1.852415,2.253704,0.4704802,-1.1023077,-0.6773561,10.582785,-50.6557,78.80686,31.99718,-14.94019,0.8580525,2.175475,1.0036496,2.1973388,1.9688722,0.7088575,1.5866063,1.1147206,2.1021614,2.0809834,1.8475858,0.96816957,0.29567403,0.78899235,2.407173,less than -0.023711622
1.5442975,-0.61406916,-1.2241092,-0.07264925,-2.1094418,-1.4126513,2.392118,1.3878644,2.0273757,-0.3783047,-1.3192357,0.06527492,-44.457153,-60.023376,-37.552746,30.172926,61.686478,1.8458422,0.5590841,0.34741774,2.1042264,0.7133433,0.92137927,0.87211686,0.6957945,0.3557421,1.1770413,0.66275775,2.2638345,1.806684,1.7311975,0.3330216,greater than 0.02356751225
0.02978095,0.8182317,1.5829649,0.61660147,1.4591146,-0.48625752,0.04709569,0.29163784,-0.33446488,0.15286572,1.8482307,1.6848601,13.025958,-51.167004,-28.646862,-64.99841,-3.1128964,1.0482032,0.72598535,0.54812765,2.2327168,2.3307483,1.4869019,0.4037628,1.5495874,0.85969794,0.50741535,2.170643,0.53951627,0.57922834,2.0358486,1.8377179,less than -0.023711622
0.50312936,-0.425977,-2.0725715,0.82452524,-1.6599263,1.8031269,-0.7807633,0.47699243,0.16419943,-0.70035565,-0.10383009,0.4983661,62.95462,57.631676,-7.5663695,-27.548084,-28.014965,1.0226071,0.99919945,2.0910852,1.9869949,0.8292123,2.2433047,1.8098876,1.8761866,1.8926234,1.8199294,1.7720419,2.0837462,2.3459094,1.3665719,1.2503039,greater than 0.02356751225
-2.4366095,1.8815582,-0.6288557,-0.9987859,-1.942164,-0.3543379,0.003733498,-2.1488757,0.64712065,1.3595308,0.6309336,0.9203101,-64.42266,-32.46298,64.77373,67.39995,-21.846573,0.4312348,0.9826934,1.5112433,2.4849272,2.2954402,2.1919787,1.4906783,0.54059434,1.3481249,2.0235286,2.0539672,1.4070908,0.6873061,0.97780854,1.0960555,less than -0.023711622
-2.0230203,0.73490226,-1.3765645,1.381272,-1.0101438,-0.28618348,-1.2951777,-1.6197525,0.1983903,-0.434515,-1.064131,1.082297,-46.39154,-76.07992,-35.338226,32.142223,52.01138,1.8563477,1.7278593,1.5203427,0.6746222,1.1556373,1.2840021,2.2914648,1.454886,1.6218295,1.5386088,1.0218372,1.0508435,0.26168692,2.2593517,1.3010423,less than -0.023711622
1.1324974,-0.40241855,0.7731959,-0.5271709,2.2027419,1.7860522,1.1002122,-0.9480783,-0.81314474,0.81142443,2.4537044,-1.3264887,-53.525772,25.238907,-68.359955,-15.164876,-8.856195,0.8936708,1.6145806,1.5055041,0.35465518,1.5535603,1.2600741,1.2988281,0.9346737,2.3770998,1.0074859,0.931308,0.37466726,1.0662932,2.3257396,0.92832357,greater than 0.02356751225
0.45695293,-0.704277,0.93262696,0.060447395,-2.0292633,-1.2223423,-2.3719544,2.2706633,-1.5628372,-1.9095423,0.33873338,-2.2107186,54.100353,-33.791668,-55.494316,67.57915,31.918705,1.9357326,2.2917154,1.5656585,0.60999066,1.4307896,0.65155834,0.32858008,1.9892129,1.1870577,1.8467042,1.4378297,1.9772576,2.128375,0.904639,0.7384165,less than -0.023711622
-0.37616265,1.1231943,-2.0039876,-0.37977695,-0.17681396,2.07315,-1.9051578,-0.31220233,0.32014564,0.90442395,0.18137635,1.3029116,20.815048,2.3889477,-64.3846,32.162807,-73.88601,0.36905718,0.84552807,1.8787313,1.1621197,0.843211,2.374388,1.1845437,1.5435236,0.8851135,0.548963,1.3177534,2.000434,1.5432508,2.041751,2.2899659,less than -0.023711622
0.42216703,-0.9067471,0.43724537,2.004968,1.0617231,-1.5926973,2.318086,0.52671725,1.8499569,-0.67172503,1.8298289,0.2716476,-48.542957,16.651243,-51.638317,-38.164124,-32.737724,2.2908335,1.5458674,0.89246005,1.2540218,1.7545485,2.180968,0.37125245,0.34502894,1.6985588,1.2755864,2.1067212,1.73023,0.23232779,1.3595747,2.0609515,less than -0.023711622
1.5344262,1.7607152,0.68231624,0.3420328,-0.48120078,-0.101248845,-0.9882174,0.6961069,1.6768007,-0.09992205,-1.3515456,-2.193046,-54.17029,-71.44011,7.4108357,19.088669,-41.031277,1.236702,0.8560304,1.9448712,1.5086521,0.7109834,0.3338108,0.3460776,2.1572773,1.5895108,2.288558,1.7314256,0.65705085,1.8460693,2.206673,2.3577592,between -0.00016276260500000002 and 0.02356751225
1.407469,-1.0373535,-0.91289985,1.5245305,0.54228675,1.6534162,-2.3674815,-1.3941116,-2.1591785,1.1755713,-1.3942482,1.3580077,51.369938,18.509369,-44.69201,-63.25709,3.3679872,1.394287,0.360476,1.286292,0.77023906,0.73832184,1.4388392,2.138044,0.8901288,0.61845595,1.6901711,0.73507243,1.3216271,1.2360483,2.0443387,2.0273957,less than -0.023711622
0.24637511,-1.2210907,1.0638254,0.752756,-1.9544818,-1.3825164,-1.8371148,-1.685851,-1.968062,1.811406,-0.5430524,0.24599619,19.1782,63.66483,-27.844477,-18.305025,20.530064,1.5993532,1.7566371,2.0488367,1.4515865,1.1155298,2.4391198,1.7477232,1.087408,1.2120208,1.2448874,1.2984167,2.449219,0.71863973,0.5423739,1.5392925,greater than 0.02356751225
-0.74289006,-0.68481976,-0.7492779,1.8221608,0.6746269,-1.9520435,0.5535774,2.2030575,0.68050945,-0.021645268,1.7782006,0.8116912,-51.89637,29.15702,-3.4812436,65.45334,47.148678,1.6056362,0.16968144,1.5373385,1.5865535,1.8249671,2.1166751,0.42456475,0.49309286,1.8868018,0.34060332,2.4676394,0.33208337,0.8895756,2.392042,0.3142664,greater than 0.02356751225
1.1821971,-2.0170739,0.9535545,-1.1157908,-0.10780038,-0.46375158,1.8125687,1.8467681,1.3817134,-0.48220783,1.2494367,1.4519652,22.965193,-28.653643,61.235714,19.183842,13.593953,2.1562083,0.22328743,0.32070377,0.49409217,1.9377126,2.548656,1.605359,1.9369811,0.66325617,1.2034885,2.4049678,0.5436163,1.8046255,1.1865869,2.0659368,less than -0.023711622
0.99260473,-0.45489165,1.2829548,-1.8255895,-1.0528442,0.22730769,0.7075383,2.1229465,-1.1220386,-0.2264429,1.3074893,-0.3521559,1.9128381,-44.188065,-64.77879,47.124207,2.897403,1.38711,2.3888857,1.1413528,1.1788814,1.0429468,0.8234052,0.40786824,0.59782064,1.1762952,2.0201447,1.1901592,0.7946616,2.317565,2.034676,1.8100562,less than -0.023711622
-1.9667319,-0.49693948,0.7296617,-1.8326437,-1.4479605,-0.31885636,1.3837276,1.0771275,-1.3140906,0.16930014,1.1247579,1.2434202,-16.87196,16.496258,-17.592115,-6.268477,28.237074,2.0577397,2.2965915,2.3835483,0.62823343,2.33921,2.2707932,0.6873623,1.9368873,0.2560501,1.4150283,1.4562013,0.390516,1.9535226,0.9937929,1.1568364,greater than 0.02356751225
2.052504,1.1315496,-0.6532051,2.0556993,-1.4981033,1.4215662,2.362689,-2.2366478,1.1801329,-0.69012696,1.9660399,-1.9457517,-25.63232,57.621815,-27.689383,12.873879,-29.324305,1.3670378,2.1933303,1.2358097,1.6536654,1.9466051,0.6299651,1.1016687,2.2037613,1.6273791,0.4978561,0.3871395,0.29307768,2.2239556,0.4533522,2.1091638,greater than 0.02356751225
-1.1495777,1.0669948,1.4522811,0.83872604,-0.43770593,2.0913448,1.4597849,0.9350902,-0.051780652,-1.0686718,-1.6934098,-0.019213729,-58.515854,74.545296,43.399124,30.59591,-44.328884,2.278041,0.7981361,2.1662202,0.23591298,1.6186204,0.6140793,0.27085623,1.0292727,1.5121332,1.333892,0.38512346,0.40678057,0.57615244,1.846725,2.120604,less than -0.023711622
-0.309418,-0.32065696,-0.8646972,0.31910414,-0.46906617,0.99548435,0.2415246,0.34580046,-0.5149709,-1.1175696,0.98687327,-0.62291795,-64.771286,-58.78638,-61.11983,30.615574,-34.884438,0.59077847,1.6755642,1.7260021,2.4084406,0.43234384,1.6787692,2.237192,0.9224627,0.8773164,0.58019793,0.25118586,1.0711653,0.41634113,0.8142682,1.92592,between -0.023711622 and -0.00016276260500000002
-0.46235096,2.0539079,1.3956132,1.3067087,-0.61169326,0.6786965,-1.0790349,-0.04774582,1.820675,1.7576674,1.2487925,1.3616246,-39.930035,48.087746,64.90922,-37.736744,-36.04607,1.1764673,1.1554054,0.92793924,2.1471245,1.6651944,0.7204152,2.1615622,1.818589,1.067186,0.6314925,1.5790061,2.0982556,0.25936177,0.76858383,1.9867525,greater than 0.02356751225
0.25784838,-0.15693428,0.9152993,2.215364,-1.3624547,-1.6906472,0.8357668,-1.1210161,-0.47292212,-1.5653826,-0.36223897,1.0064876,52.36808,23.972633,43.02339,-2.640786,-65.88768,0.44932696,1.7680306,1.7455086,0.7310966,0.43356138,0.36117595,0.5995841,1.6376467,0.7547252,0.55813986,0.8196206,0.67617255,0.99802786,1.6462713,1.235031,greater than 0.02356751225
1.6736394,0.57973063,-0.83905804,-1.0124515,1.8119158,-0.56450677,-1.5051273,-1.5734133,-1.4240443,0.54102373,0.12562883,0.8166791,-67.21527,35.39014,-60.54212,64.34498,-5.6094503,0.62270784,1.4624331,2.3936064,2.182171,1.3416865,1.1348569,0.2632981,0.6038425,0.9143231,2.35414,2.4015834,1.9859294,0.43773597,1.5132692,1.4478725,between -0.00016276260500000002 and 0.02356751225
-0.40138614,-2.3360476,-1.0045873,-1.2205976,0.91868573,-1.2836314,-0.45869434,-0.15030426,2.1238112,1.2534155,0.8875017,2.09786,-4.866103,22.6604,-70.290146,-60.87714,-70.34632,0.5532025,1.2083813,1.8584594,2.1407795,1.3701816,0.3163126,0.33643067,2.24127,0.5239618,0.3724099,1.5025419,2.4302936,0.46482214,1.9467093,1.8967185,between -0.00016276260500000002 and 0.02356751225
0.8560709,-2.1184857,-1.6053836,0.84512234,1.9193038,1.2169604,-1.247541,-1.0522106,0.9637608,-1.5864984,-2.1941023,-0.38588238,-59.33428,-18.19252,4.0821924,15.705837,35.911594,0.3463797,1.573011,1.9914604,0.6895361,0.8197084,1.8152946,1.827916,2.4623315,0.8073042,1.4002925,0.53697157,2.3176181,2.0452287,1.9742672,0.70175874,greater than 0.02356751225
-0.1336624,-0.2845502,-0.99685585,1.9515219,2.3714907,1.4064201,-0.024051854,-1.8131908,-2.3084247,1.9945798,-0.22834656,0.2347823,-55.656723,65.184814,-32.997253,-69.95423,31.126743,0.33865938,1.2443897,0.48395014,1.9633833,2.1410096,1.021518,1.647051,2.1780875,0.63991755,1.2360651,1.8931525,1.7272302,2.0740619,1.6662186,1.7515496,greater than 0.02356751225
-1.6790992,1.5965571,-1.8604096,-0.0034199175,-1.7921685,1.7415636,-0.4375792,-1.4174341,1.2662666,2.1394358,-1.9677364,1.5208669,75.146866,-68.81966,-60.485954,31.875013,-39.439564,0.61146444,0.4678466,0.99529356,2.2391822,0.82945234,1.4220177,2.3192697,1.7424742,1.3207537,1.0884198,0.28236017,2.3360229,0.94666225,0.9271772,2.096089,less than -0.023711622
-2.1804812,-1.8213136,-2.0780592,-0.5148672,-0.99766034,-1.7529885,-2.1829932,1.4826175,1.3253889,-0.32069656,1.8990339,0.4158868,-43.288403,-38.543877,-72.13376,-21.83591,-27.500408,2.3607597,2.3087707,0.8123224,1.7783388,2.4468598,0.40922368,1.3208266,0.83987147,1.0729876,0.8032512,2.2327719,2.513475,1.9442146,1.7363054,1.3450735,greater than 0.02356751225
0.023364667,-0.84100074,0.62674123,-1.3514988,0.18072185,-0.53560984,1.9391569,0.5642939,1.7621598,0.8087694,-2.107212,-1.0052485,-61.79131,77.56853,-64.548454,-61.62919,44.682964,1.3204587,2.2514906,2.0703351,1.4582266,0.8825869,1.9710416,0.6944625,0.9567506,0.3061276,1.0854827,2.2076411,0.7173337,1.4241594,2.1254046,1.8068534,less than -0.023711622
-1.6609621,-0.04393079,-0.25460082,-1.9982306,2.1670887,-0.5090821,2.3037179,-1.238538,-1.2030632,1.4053339,-0.25384897,-1.1268486,38.403812,78.48222,57.62317,20.966375,62.133064,1.5164653,1.0930016,1.2628831,1.5527071,1.6648216,1.1403254,0.80773723,0.9591166,1.3683147,2.2306993,2.0373673,0.8086945,1.5010868,1.4785323,1.0744693,greater than 0.02356751225
1.1770003,-0.23875715,2.2731361,0.87171674,-2.1821733,-0.5448568,-1.5351715,-1.2321599,0.014445146,-1.971404,0.20989968,-0.028777447,-4.364299,54.10914,-5.4585104,67.37069,1.379457,2.2705467,1.3607962,1.9472511,0.49458495,1.6611304,2.144599,2.3317137,0.7802744,1.7367027,0.7732359,1.1012281,2.334033,1.5020074,1.815872,1.3081322,greater than 0.02356751225
1.0432047,1.9286036,-0.91902506,-1.6144885,-0.07551212,-0.05569205,1.4564517,0.80621606,-1.7539797,-0.40528205,2.258302,1.0844154,-69.18357,-18.30081,-1.511294,36.36011,47.074104,1.4726471,1.6343346,2.169526,2.179433,1.8813089,1.7906903,2.3508632,0.6042135,0.6491635,1.178124,0.9264226,0.5403393,0.76156807,0.48537323,0.5229784,less than -0.023711622
1.761051,-0.90245354,0.7319841,1.7218766,0.8719005,-0.023159925,1.4757029,2.0279174,-0.28525093,0.8606768,0.5788519,0.3733658,-52.6758,3.060154,68.526825,55.86549,-36.983414,0.72514,2.2051842,1.0901839,2.2831426,2.1661346,2.1697037,0.99026066,1.41848,1.9705458,1.3502085,1.3766735,1.6483448,2.208409,1.5552562,2.401594,less than -0.023711622
-0.62488985,0.417807,0.9332619,-1.4549214,-2.1403756,0.00041001057,1.1420157,0.74773735,0.31157932,0.1853808,1.6386074,-0.5527242,-4.235394,-27.394375,-31.843409,-33.004547,-35.910336,0.34697846,2.1889162,0.28631285,1.2892482,0.37060058,0.79571897,1.3862973,1.5491735,2.3558521,1.9177635,0.38032848,1.0555316,1.9397181,0.93590075,2.1849496,less than -0.023711622
-0.27715215,-1.1488099,0.75712985,2.2474537,0.75487405,1.8813006,1.7745932,-0.8241969,-2.0205815,0.50333923,-1.9950986,-1.9365276,-10.918492,-24.268635,24.59221,15.269851,35.688644,1.8612384,1.9722296,0.85485905,1.3798487,1.4184718,2.3864863,1.7696747,2.4496784,0.7370227,0.872036,0.31816426,2.0271733,2.0576112,1.2916454,1.5275416,greater than 0.02356751225
0.34438804,0.61408895,-0.36941472,-1.4449278,1.4343059,2.2041574,-1.5898248,2.1914032,-1.2679272,1.9632354,-1.2234529,-1.3734485,16.330688,43.949375,-69.08809,-10.396645,-26.34583,0.26676175,1.4030119,1.8166052,2.4670043,2.1259882,1.0459496,0.80075777,1.4447381,2.4710665,0.28916594,1.1947911,1.94029,2.1399183,1.6553558,1.2592229,between -0.023711622 and -0.00016276260500000002
2.3391695,-1.3723878,-0.86659634,-1.6516647,0.4149817,2.3795571,0.8560792,2.1783562,1.8192782,-1.9693078,0.094477125,-0.57687926,55.142,-47.60863,-51.5878,-49.937374,12.739645,0.61280763,1.497706,0.26182365,0.5544571,2.1138878,0.6262677,1.9975636,2.3301885,0.5429678,2.3786807,0.7671468,1.8058342,1.6088558,0.7957959,0.6175643,greater than 0.02356751225
-0.40728638,-1.9263673,-0.16771895,1.203618,-0.8973075,-0.6978868,-0.26920182,0.5489673,1.926404,1.5654495,-1.6590555,-1.1703627,1.0471121,-53.744175,-72.82115,-37.475636,-23.366253,1.0351678,1.741266,1.2787302,1.3296968,1.2527332,0.95466083,1.0109189,0.5696163,0.61614937,0.37470198,2.4093297,1.811492,1.0927569,0.88952684,0.7131274,greater than 0.02356751225
-0.367529,-0.3064389,0.37536362,-1.3946846,-1.550508,0.7564513,-0.70613074,-2.0433714,-0.54746526,-1.2491003,-0.28879482,1.60486,-19.596996,-18.471624,-56.62427,30.499193,-23.8385,1.6670325,1.8997844,0.5779071,0.4204809,1.1702008,0.88440704,1.6401411,0.91427314,0.29189724,1.2476022,0.71501327,2.0110478,1.318329,1.1131786,1.5628414,between -0.023711622 and -0.00016276260500000002
0.51869977,2.0795588,1.2293972,-2.2090259,1.187067,2.2021515,2.1301901,-0.73780847,-1.8427837,-0.368775,-2.1624756,1.8162972,-74.88211,0.76239777,66.3247,19.225922,-34.45884,0.52732193,1.4224379,1.1249537,2.1227772,2.2018783,0.8425608,0.6929077,2.121893,1.7319124,0.82487804,1.6755587,2.082527,0.43634886,0.97074366,2.1986346,between -0.023711622 and -0.00016276260500000002
1.0276234,0.5847206,0.83010995,0.89165986,0.4727743,1.2188247,-1.5642574,-1.6565557,-0.29764867,-0.7250076,-1.2519306,-0.5206669,-36.043625,30.149319,-45.69434,73.67181,64.308235,1.617311,2.0793974,1.7579376,2.4188764,0.82027113,1.6777999,1.8462533,1.3580201,0.9662849,1.7821361,1.8760431,1.8079435,0.7416533,1.8770734,1.4020938,less than -0.023711622
-1.9277829,0.1900509,-0.7750225,1.3249581,-1.8723439,2.2662978,-1.4633927,1.2021916,-1.8553623,1.5442802,-2.0261211,1.2746598,70.90256,5.9873295,-24.118391,-30.587248,5.7661643,0.19463715,0.54484487,1.9292932,1.9402965,1.4343904,1.2634069,1.7336087,2.2180898,0.48334414,2.2536113,1.276325,1.8125036,1.2086723,2.0267212,0.8049357,between -0.023711622 and -0.00016276260500000002
2.1482377,-2.0524921,1.3671819,1.709864,-1.8673478,1.8816779,-0.030432958,-2.2033315,-0.19883662,-1.9232831,1.4534879,0.4497037,-0.7488109,-10.566968,8.055983,-0.69890136,-59.49596,2.4381304,0.84759855,2.3030062,2.1143703,1.3062782,0.9806465,1.5308335,0.48326385,2.36583,0.9875824,1.9223468,2.2896752,2.1872528,0.81645715,0.2656151,less than -0.023711622
-1.8542992,-1.5631492,-0.75283444,0.8312039,0.023719223,0.7500886,0.27299166,1.424267,-1.2874748,1.0515087,0.68829125,-1.6169171,-36.700813,65.23393,-70.2256,28.582941,-14.128184,1.4261194,1.4928538,1.7918665,0.6693542,1.5928888,1.3734685,1.5304959,1.0245223,0.7936096,1.8634629,0.58715266,0.5258311,1.2562735,1.2439224,2.1354408,greater than 0.02356751225
0.30415955,0.9901427,-1.8989675,-1.2088327,-1.9368508,-1.7644923,0.72968835,1.3829769,1.4595175,1.4862077,-0.29870623,1.8180344,-4.553471,14.336984,47.332405,-44.212654,-8.465096,2.1878552,0.70791584,2.385238,1.7860795,2.2899487,2.476039,0.54730743,2.3340225,0.6364495,0.6916579,0.4175972,0.7000686,1.8442886,1.3953234,2.144312,greater than 0.02356751225
1.988264,-1.6225613,1.7853912,-0.7487438,-0.5758678,-0.39913332,-0.43510187,-1.257008,-0.7026111,-1.4633294,0.17907253,-1.236259,-27.026123,52.621117,-44.115257,-56.02662,-36.32698,0.96149355,0.81973773,1.8004037,2.3970451,1.3374876,1.9324576,1.763422,1.9393735,0.87889963,1.8408566,0.40879366,1.1941372,1.051186,1.314252,1.0393115,greater than 0.02356751225
1.333781,1.9874624,1.5864184,0.7630734,0.52835715,1.2498232,0.014411582,0.8218123,2.0999057,1.1064558,-1.2914767,1.1062932,-70.06978,-28.61778,-30.127375,-64.717384,54.15316,1.0486448,0.6564912,2.0714138,0.5463426,0.95096093,1.5018469,1.0788815,1.0831026,1.345159,0.6751459,2.260792,0.6608033,1.8981876,0.36122808,1.8531567,greater than 0.02356751225
-2.3016143,1.8870056,-1.7086401,2.106761,-1.4530579,-0.29955277,1.5224377,-2.1060283,-1.6657639,-1.8909315,0.14596826,0.7414969,-69.97497,-69.782936,-14.514542,58.778854,3.3426445,1.5210392,1.7050228,1.7273339,0.6125334,0.9492491,1.790374,1.5295267,0.52462894,2.1625986,1.8226836,0.287439,0.53064233,1.3657702,2.2245948,0.9621047,between -0.023711622 and -0.00016276260500000002
2.1451259,0.35872912,2.267396,2.032183,-1.2794698,1.04176,-1.7121553,0.51831466,-1.4635998,1.4193649,1.6842244,1.4150226,-45.83718,-8.508367,30.609972,-6.9163504,-5.26755,2.0455189,0.5531112,2.282834,1.667046,2.0715237,0.91365284,0.9030188,2.4390805,1.7329301,1.4510666,1.1423895,1.1044381,2.2290266,2.2772496,0.49377126,less than -0.023711622
-0.98115367,-0.5949396,-1.0836095,-1.3699039,0.9617863,1.4693594,-1.7851719,-1.7838308,-1.1388406,-0.6727264,0.60047597,1.1220688,3.989931,42.207287,-25.868372,41.456116,36.334255,1.9405406,0.83140993,0.6072588,1.8902887,0.80067277,0.86742926,1.1034807,2.3110862,2.4323657,0.59263796,2.5249119,2.421322,0.93000597,2.3097346,1.7891887,less than -0.023711622
-1.0696412,-1.8628844,-0.51006997,0.78499097,2.0332422,-1.6244491,-0.74869823,0.21853875,2.262838,-2.0241604,1.8965017,1.426881,-29.40511,-64.16508,-19.176207,-47.178684,17.605495,1.491246,1.3423051,1.1638778,1.8208733,0.8900619,0.7660276,2.19352,0.69497263,1.5873108,1.6580822,1.0675104,0.37653184,1.2751576,2.384799,1.7198213,greater than 0.02356751225
-1.7201844,-0.3881002,-0.2704451,1.2653493,-1.0648583,-0.2301485,-1.3706344,1.6782712,1.5188274,2.0869977,0.6190762,-1.3423822,17.64649,-68.22448,-46.21873,4.1187396,30.918821,0.3339325,1.4369626,2.3711042,0.1949087,1.5125543,1.8091571,1.1973327,0.7821755,1.4910897,2.0082574,1.7229637,1.2197089,1.84039,1.2245206,2.2363098,between -0.023711622 and -0.00016276260500000002
-0.23423195,-0.23132713,1.1909114,-0.058627926,-1.6115752,-0.96460515,1.5930486,-2.4222434,-0.47127482,0.038870886,0.5462925,0.3418891,-24.156443,51.543358,-28.957401,-36.360325,23.095798,1.451142,1.512113,2.2194302,0.5755026,1.3024588,0.7504765,0.70464015,1.8131248,1.8395481,0.88451725,1.1352692,2.2385402,0.7661862,0.7378465,0.66693854,less than -0.023711622
2.007427,-0.5835887,0.5270813,2.0892782,-1.6041188,1.0721453,-2.1017964,2.2173598,-0.12772526,-0.17445315,-1.0425011,-1.7800045,-53.569897,-25.909685,-50.8823,-57.058685,44.753113,2.0746343,0.79844606,0.9921803,1.2599984,1.4574802,2.3988798,1.2441896,1.3872181,2.5368266,1.4991555,0.85117966,1.6007899,2.1795814,0.61012286,0.65678555,greater than 0.02356751225
1.3632838,1.1706381,-0.3856395,-0.29561478,0.5021567,-0.07605813,1.4091696,1.987864,1.9937844,1.9540073,-0.43668175,1.9188325,54.725002,11.084589,62.461662,32.27326,-29.58847,0.7101535,1.4564714,0.36611938,1.161136,1.570848,1.1689115,1.802576,0.78777784,0.23669283,0.8465621,0.9987585,2.2329488,1.6599202,1.8043088,2.1139073,less than -0.023711622
0.07192999,1.7706202,-0.34936282,-0.7468733,-1.1410077,2.1966712,-1.7362658,0.21518308,0.9321054,-1.0882921,1.840331,-1.9386781,-23.506605,69.783264,-58.766582,-43.608177,-20.462608,1.7408656,0.7490397,1.131127,2.338799,1.8247921,1.687536,1.3938264,0.5272367,2.35394,2.0553043,1.6790365,0.52387786,0.77043957,1.8516271,1.9088746,between -0.00016276260500000002 and 0.02356751225
-2.2625318,-1.9355499,1.8822474,0.20574614,0.49501368,-2.1173646,-1.954978,-1.9668727,0.11462439,1.2785597,-0.8192907,2.134345,26.129908,35.742783,-9.128219,9.222559,21.976007,1.6088195,1.7715358,0.57048154,0.8676837,2.4931808,2.4083858,0.33030978,0.5942378,0.73087204,1.7858455,0.9642069,1.1777662,2.4551747,1.8121448,0.8418299,less than -0.023711622
0.52265203,0.5127171,-1.4329561,2.062322,-0.08632732,2.2710505,0.9726133,0.119768016,0.13937525,-0.22749467,0.41313684,0.3166114,40.234325,53.178875,47.805202,62.445606,47.150723,0.9875979,0.6266616,1.314085,0.8403363,1.692924,0.93037695,1.97259,2.0908926,0.4194899,0.710315,0.9138722,1.8667527,0.37689933,1.385156,2.0048609,less than -0.023711622
-0.5296661,1.5604806,0.13003765,2.2687898,0.9647776,0.542685,-1.831919,0.94999486,-0.029834157,-0.54254776,-0.77148914,1.3995782,-14.430996,63.72072,31.862307,54.389824,-48.693283,1.955623,0.5702779,0.808589,1.0702046,1.7987148,0.65874344,0.40624008,2.1692746,1.3549104,0.96718335,1.1145025,1.7365834,2.2269607,2.2118993,1.7389532,less than -0.023711622
-1.8598022,2.0294316,0.61570346,-1.5013409,1.9906994,-0.5572666,2.1785796,-2.243447,1.6074297,-1.1127614,-0.3956324,-1.4299918,44.000256,-26.738811,51.84548,11.357308,60.81203,2.2140207,1.2423007,2.1333508,1.7151958,1.8248292,2.0484126,1.4238755,0.44158617,1.9100858,2.2486143,1.9257785,1.8805,0.53555477,0.82292604,1.9095123,greater than 0.02356751225
-0.15300293,0.8769043,-0.3909215,2.0695336,-0.2857488,-1.9745426,-0.7554151,1.9911063,-1.1757987,-0.26245567,0.11435175,0.30308753,55.80714,40.927055,42.59361,11.634668,-38.113365,2.4877887,0.46466,2.2059002,1.6917835,2.2718816,1.1563373,2.2627645,2.3882613,0.7175117,1.7530394,1.0783129,2.1567645,0.9948566,1.392233,1.7835121,greater than 0.02356751225
-0.17310093,-2.0896382,-0.13185848,-2.2801988,2.2956357,-1.63968,-1.6845887,-0.9272305,0.48954847,0.07067342,1.3376336,-0.37947938,31.05227,-47.24916,26.121042,65.99812,29.982262,1.4639734,0.32107422,0.8107909,1.0451796,2.135476,0.34521472,0.914815,1.1899301,0.6164882,1.3187219,1.116975,1.5679123,1.060615,0.5027612,1.8500475,less than -0.023711622
0.6072465,-0.5636451,0.42025048,-1.0204915,-2.3869655,-1.745735,-1.6013778,0.5041687,-2.35506,-0.72429997,1.4028612,1.4297798,10.908428,-14.367003,62.129654,49.849117,45.882595,2.0888948,1.2782139,1.7823572,1.809686,2.272489,2.27711,2.0735538,0.4892804,1.6003317,2.1021788,2.3295014,1.9704713,2.0704072,1.3111911,2.1703045,less than -0.023711622
0.3204735,2.18777,1.6262398,-0.9180119,-0.34007183,-1.2276542,0.6092915,0.07397652,0.3329981,-2.169958,-2.4531634,0.29601467,-22.37019,-68.80657,9.790051,-62.453342,17.933424,1.0835657,1.8249271,1.5377376,1.2626168,2.1639545,0.60778606,0.90567565,2.1670675,2.3639627,1.4099498,1.4949726,1.7931617,0.57250243,1.4147378,2.4101439,less than -0.023711622
0.26468542,-1.3079627,-0.58886325,0.057118148,-0.3793349,2.0048206,-0.3558947,-1.3440027,-0.7474504,0.21174626,1.5401356,-0.92541146,-25.76322,-76.09201,-50.98851,-72.26306,66.56653,0.7348495,0.90026397,1.46724,1.9477096,0.60979164,1.8547652,1.4485912,0.31000382,0.72002864,1.8442817,1.9922396,1.7814564,1.2511325,1.2671163,0.41850933,greater than 0.02356751225
1.2095596,-0.6424962,-1.022323,-0.9924445,0.51841074,0.7913928,1.1781499,-1.1063558,-2.1943905,1.1874115,-1.8585525,0.24636073,-10.950549,64.14192,-50.83277,13.000744,52.805237,1.4526024,0.86427736,2.0560374,2.0958958,2.073594,1.4414393,2.1290314,1.2847075,0.5455653,2.275941,0.49416625,1.7562914,2.002806,1.5858302,2.078273,less than -0.023711622
-2.4107072,1.1533241,0.15292816,0.71250033,0.8623447,-0.44851485,2.1475708,-1.5254805,-0.7067864,-1.7843599,1.2228593,2.4312587,14.595788,-30.180613,-17.342636,10.921235,51.451065,0.20585708,1.2531832,0.85788643,0.32137603,1.8714577,0.7827645,1.7517891,2.3878398,0.6211053,1.437359,0.94813454,0.5532182,1.2172893,1.134185,0.98818016,between -0.023711622 and -0.00016276260500000002
0.1935678,0.62391865,2.182303,1.7337677,-1.0279795,-0.18332951,-1.3197179,0.1731474,1.5464853,1.0143197,-0.94636774,2.1630917,5.4189873,-34.521973,32.74152,-11.502362,36.470074,1.7265764,2.1329455,0.347193,1.0301634,1.8375111,0.82251126,1.58208,2.306751,0.25340125,0.9793813,1.4861671,1.9348725,2.4091787,0.28651232,0.64542806,between -0.023711622 and -0.00016276260500000002
-2.2087698,-2.0439575,-1.9819912,-1.4361737,-2.123334,1.2279309,2.1189034,-1.7676697,-1.8479415,-0.2990083,1.690995,1.7779573,26.558487,71.97498,-24.982262,27.122555,72.02514,2.0274372,0.35664007,1.8291769,1.1247119,2.1558716,0.9955043,0.48920822,0.33036005,1.8608614,0.5991643,1.3798105,1.179369,0.43896082,0.8907463,2.1547563,less than -0.023711622
1.6312144,-1.4777949,0.96710503,0.836927,-0.08773845,0.7214062,0.49249727,-1.4962444,0.3115016,-0.56662947,0.76680154,-1.6621904,57.730843,-72.036224,38.25878,-51.906803,-15.318742,1.2445347,0.39780453,2.0934563,0.42576122,2.1775074,0.6223188,1.4452969,1.8357468,1.7416224,1.7821229,0.82342,1.9676049,1.5270278,0.38454586,0.40934092,less than -0.023711622
-1.5582038,-0.027410444,-2.036056,-1.0930169,1.0843472,-0.34119114,1.2345655,1.8274016,-1.2421473,-0.55084586,-1.6235553,-1.5730487,56.43196,23.852549,51.320755,-19.596413,50.232296,1.0854274,0.7236747,0.9941625,0.9296482,0.63965106,2.132116,1.8455032,1.6868562,0.30759627,1.2442428,0.3324647,1.0731306,1.9023036,1.1270249,0.4428326,greater than 0.02356751225
1.9873966,1.9344008,2.2845876,-1.2010763,-2.007516,-1.3621905,-1.5570292,-1.1845927,-0.08704283,0.33749166,0.59756774,-1.503536,-23.710785,12.770553,-4.41834,0.37880096,-63.87442,1.8533653,0.3725853,2.2102113,1.9366612,2.206848,2.4108965,0.32747543,0.55489177,1.1833907,1.5865903,1.2411165,1.8003396,1.2520951,1.764793,2.2187185,greater than 0.02356751225
1.7065907,2.4809272,0.9521081,1.5008708,1.7984208,-1.9805002,2.2316687,-2.1209183,1.3584378,1.709014,-0.37539724,1.3230506,-39.48821,-63.07506,-48.734318,20.085497,-41.85341,0.21180454,0.89183784,1.6519569,1.2504463,2.1282604,2.2203326,0.29139066,2.3931558,0.20089953,1.483821,2.0825348,0.4071301,1.4534034,0.7863628,0.6244446,between -0.023711622 and -0.00016276260500000002
1.9566145,-0.24997225,-0.4975139,2.0719168,1.592581,-1.6851652,0.12455571,-0.70512414,1.767458,2.0855556,0.90642893,1.363815,34.415443,-34.68169,-72.04298,34.25783,66.47736,2.055436,0.56940734,0.39506027,1.0354402,0.9508978,1.6276401,2.1405764,1.7708256,1.3677951,0.6206046,2.2711658,0.33065945,1.4153976,1.6932136,0.25538236,between -0.023711622 and -0.00016276260500000002
-0.7562923,1.866505,-1.1729616,0.4580703,-1.3064867,-1.7925384,1.3648733,0.14040019,0.7061204,-1.935725,-1.8833448,-1.3434887,-39.278057,-58.369816,-47.904797,5.1405067,-12.424926,0.5037983,2.0803308,2.1701224,2.3601158,0.73262763,1.965791,0.9069699,1.0329126,2.2087781,2.277903,1.3745111,1.5867481,1.4314494,0.85174835,1.3016355,between -0.00016276260500000002 and 0.02356751225
2.3119338,0.8413763,1.0246695,0.48021597,0.8774427,-1.5183232,-1.3049409,-1.8473275,1.5150876,-2.039258,-0.053713467,-2.0386188,-55.6326,-48.431202,-36.176422,35.856754,-6.882143,1.4032694,0.5064059,0.81554466,0.32080138,2.4936244,2.3883715,0.86936414,0.48164803,1.5256155,2.2242036,1.2619755,2.1409433,2.5014746,0.96873754,2.113034,less than -0.023711622
-1.8374655,1.2673967,1.760529,-0.20727251,-0.63093966,1.8772863,-0.5550848,-1.6169116,0.4915496,1.6026183,-1.7984496,-0.53412956,-64.127525,-49.74691,43.941345,-19.694752,-69.71523,0.50008637,1.4920486,0.34918657,0.33503455,2.497072,2.0971866,1.2716672,0.9793041,2.4660149,2.0164223,1.8859086,0.7262388,1.3604184,2.007286,1.8492508,greater than 0.02356751225
-2.2626007,2.1709728,-1.1715969,0.76574993,1.0130655,-1.2344967,0.64649963,1.3153344,2.355187,-2.0525649,-0.51406765,-0.8670464,-14.21718,73.73114,30.49593,-36.17382,-29.062,1.5498716,1.716544,0.5983389,1.5067551,1.2225659,1.4789692,1.7413743,0.66063946,0.38530225,1.1849576,1.0540224,2.4474254,1.4270793,1.8512111,1.9641777,between -0.00016276260500000002 and 0.02356751225
-2.2813869,2.4574,-0.29803273,-0.23932321,-2.0710204,1.7451524,2.002929,2.1029844,0.40027517,-1.762175,-1.3672756,-0.6996198,-28.014248,-27.449114,66.05368,6.9373875,40.351147,1.9755852,2.3294759,0.89925694,1.3358835,1.3899157,2.0763023,0.45670164,1.3452843,0.34313735,2.3873553,0.6860982,1.9037969,1.119199,1.3372861,1.1529708,less than -0.023711622
0.050167877,0.7509269,-0.91368926,-0.62767327,1.3850503,-0.19643585,-1.1398679,-1.2750783,0.8794817,-0.017347429,0.5172438,-1.8469049,48.277946,-56.097477,-59.58549,-66.36576,51.63638,1.705824,0.95728654,1.515165,1.3369429,1.1227317,2.1078618,1.5635718,2.3432424,1.6646097,1.1005903,1.5185498,0.30325606,0.5336002,2.026004,1.24125,greater than 0.02356751225
-1.5076988,-0.93078023,-0.21011029,0.57172054,1.1794285,1.9131088,-1.9952195,-2.2638016,0.7324978,-0.8631958,-0.21024859,-2.0449526,-28.66418,30.15071,-22.01643,-35.042957,18.668173,0.8768864,1.8232728,1.774469,0.5861561,2.437407,2.203833,0.43237543,0.7346434,0.6499258,0.53799963,1.9313476,1.1301953,0.809128,1.3548266,1.5456864,greater than 0.02356751225
1.8289031,-1.6545497,-0.25177234,-0.81207705,0.043157645,0.36934808,-1.7664196,1.2452664,-1.5802392,0.12821543,0.54720575,-2.3657596,62.382774,3.8697748,2.9196973,-63.401794,14.452039,1.2538934,0.33416808,0.39215177,1.1641686,1.5686396,2.41132,1.3555007,1.5788856,0.8434378,1.9809856,0.44879755,0.77840984,0.6974072,1.6015694,0.5393053,greater than 0.02356751225
1.7504199,-1.2005743,0.4507881,2.256431,-1.0727912,1.107636,-2.235378,-0.24802493,1.9218645,1.0401362,2.1496031,1.1681674,-58.234337,35.24238,52.33735,55.05596,-33.867912,1.3520584,2.3072796,2.0529428,1.2177606,1.8115026,1.6241686,2.474711,1.5861676,1.6529365,0.5475102,1.5982181,2.103642,1.948331,2.2427068,1.4222462,less than -0.023711622
-0.89882773,1.5476916,-1.9187952,-1.7719823,-0.06229415,1.6807848,-1.5781245,0.5068014,1.7724397,-2.1112835,-0.16788873,1.5948534,41.651794,15.17754,-29.367632,6.2414837,-30.578726,1.6450611,2.0327969,0.43781257,0.4107621,2.3657775,0.33726105,1.8425013,1.7776086,1.9889452,2.303312,0.6618479,1.4714086,1.847506,0.9530833,1.8464826,between -0.023711622 and -0.00016276260500000002
-2.3597193,-1.2556906,-1.9658266,-0.37729695,0.6282454,0.87072504,1.2519436,-2.1107428,-1.4356279,2.17079,1.5771761,2.360086,58.167915,-49.385612,33.344105,64.46161,-42.259094,0.9674271,0.58876395,2.082244,1.002148,2.2577276,0.98982626,2.4252896,1.3234212,0.18309325,1.4312698,1.6579293,0.6297689,0.66246134,1.5578957,0.7534366,less than -0.023711622
0.9401621,1.6232936,-0.2736911,-0.21293302,0.60245824,1.7408663,-1.938774,1.6382583,-0.32638144,1.0528351,-0.34076884,0.12594531,-34.28027,-44.898342,-19.932344,2.1315515,-18.232542,1.2097833,0.39502317,0.65142226,1.7274201,1.5223587,1.8619123,1.4987856,2.4293277,2.3320029,1.9225202,0.7644539,0.5617713,2.258524,1.4060363,2.0826685,greater than 0.02356751225
0.9713469,-0.9848856,1.4539561,-0.21535298,2.2278626,-0.3503193,-1.9262022,1.1553228,-2.2961242,1.7852836,0.13324223,-1.9686415,-20.536612,-71.46498,-16.288738,69.27915,53.021202,0.6485407,2.2774968,2.3208928,1.9983885,0.4115819,0.5268297,1.7147074,1.5726895,2.2950976,1.7984554,1.8566698,2.0981193,2.2108715,1.4033343,2.2865963,less than -0.023711622
1.7267127,-0.57617027,-1.9389689,-0.351223,-0.5517174,-0.9954227,-1.519487,-1.3636078,-0.48606646,0.6470493,-1.9215896,-2.1550426,-58.833683,62.229736,-42.846615,33.580765,49.915913,0.7381632,1.5925474,0.92866474,2.0655491,2.2792664,1.2178841,2.2253776,2.3757987,0.64304984,1.1770823,0.5178008,0.6070619,0.57938445,1.4325266,0.72368765,less than -0.023711622
1.5865545,1.5442001,1.5724343,-0.389531,-0.07399292,1.8798339,1.0255766,-1.2604998,2.1472208,-0.1876543,-0.9503499,1.0001196,-46.770214,33.242554,-28.326368,-20.413212,17.697027,1.8374836,2.1107628,1.5616409,0.9378889,1.8171607,1.3378633,0.55893743,1.2169373,2.122117,2.2815936,2.169902,2.2566123,0.9822232,1.9065819,1.1813915,greater than 0.02356751225
-1.9385272,-2.2400196,1.8144615,1.6509385,1.3444754,1.374749,1.3526388,1.2124336,1.926132,-2.0453575,1.5383229,-1.0188658,49.920906,68.74108,72.83995,-28.710415,-25.137026,1.3361998,2.284092,1.0913953,1.2528512,0.8829631,1.428485,0.5979137,0.50431895,1.7516773,0.904855,1.6262664,2.3747659,1.7951511,1.5202202,1.4868671,between -0.023711622 and -0.00016276260500000002
1.3862953,-0.585298,-2.0356941,1.7712053,-0.3456672,-1.8072836,1.901612,-1.5064193,0.4573708,-0.30333018,-0.30675521,-1.1425467,5.9256797,-55.78165,48.694263,56.523487,27.881466,2.4882576,0.5440677,0.66408205,1.1485221,2.4464,2.4089704,1.660563,2.2108731,2.35064,1.1581491,0.7613081,1.4299004,1.7381035,1.7037753,0.6847118,less than -0.023711622
-1.8959044,-1.0869702,1.348772,1.7246531,-1.5040431,1.3781266,-0.47819582,-1.5727354,0.7220328,0.81584656,-1.6952573,-2.2537434,-24.239178,-43.25048,62.626286,51.369316,-43.582806,1.7940779,1.9595419,1.6694262,1.9237595,-0.2287865,2.1507165,0.668733,1.3813114,2.3087995,1.6586498,1.3152183,2.1881392,2.0679934,1.4060599,2.1865683,less than -0.023711622
-1.538426,-0.6732935,2.3506713,-1.9124368,2.058899,0.65365356,-2.0582676,1.2087419,-1.2953917,1.0731074,-0.34479725,-1.5128986,-49.507988,-15.174576,-76.291824,-31.393639,57.133774,0.9528809,1.5610306,1.1627986,1.9148979,1.7826123,1.1298518,1.2842342,0.7774304,1.6007612,2.4009755,1.291599,1.9943796,2.3844419,1.9296628,0.56770295,greater than 0.02356751225
-2.345457,0.33283585,-0.45270482,-0.86008185,-0.7743761,-1.4612604,2.326122,-0.47926804,-1.2927021,0.51056105,-1.5618476,0.08587478,-64.44047,32.651848,24.87419,-23.82875,30.021269,1.4447376,2.2587557,1.584771,0.39553043,1.3991349,1.1041626,2.2948692,1.0987827,2.4072952,1.2932488,1.1832807,1.5058069,0.27693743,0.6083257,1.7448391,greater than 0.02356751225
1.1447912,1.912256,0.7003359,-2.1626308,-0.34972605,2.0550222,-0.94860744,-2.1472154,2.082274,0.94444185,-0.77431846,1.295646,28.469275,47.29429,10.700462,-34.50885,-15.240977,2.088811,0.43012872,1.6064421,2.2152793,0.47102258,0.61356366,0.8227552,0.59423375,0.5027989,1.2785565,0.6733734,0.50829524,2.150913,1.3820347,2.3295734,between -0.00016276260500000002 and 0.02356751225
0.0352022,-0.8743585,-1.0893584,0.25520816,1.2206,1.3263302,-1.082658,-0.6611371,-0.595481,-1.8201921,-0.030576745,1.7968159,-15.250725,31.218504,32.795868,-66.00659,51.432266,2.0589092,1.2670536,0.5412047,0.7710188,1.2089063,1.5988849,0.7908925,1.403397,2.3763,2.0241427,0.46166244,0.3105785,0.8161651,0.39604858,0.5626684,greater than 0.02356751225
1.9742239,-1.5944618,-2.2104769,0.16394372,-0.9148756,-1.203824,-1.5805119,2.0780296,2.0317626,2.3061502,1.3707407,-1.2337162,40.12564,-10.90273,-57.785732,-29.149302,-28.445217,2.4955933,0.32483774,2.3029132,1.0747315,2.0108345,1.1044858,0.31365207,1.7365876,0.43866044,0.5127621,1.8529398,0.6197185,1.3427465,0.6210619,1.2486495,between -0.00016276260500000002 and 0.02356751225
1.4698074,-1.0866513,-0.26760942,0.98797625,-1.3953031,-1.5769881,-1.3703427,-1.3415421,1.6255646,-0.80883586,-2.0558655,0.52411985,68.69599,-47.420315,55.855003,13.102422,-47.984646,1.5460955,1.4662514,1.743273,2.2525878,0.75566393,1.0608083,1.2506682,0.5521512,1.8713497,2.1051507,0.49888104,2.135016,1.8301562,2.1176152,0.5043099,between -0.023711622 and -0.00016276260500000002
-1.0033447,1.1001307,0.48676556,1.4161278,0.09826658,-2.2981772,1.697465,2.010937,0.09797301,0.37835175,-1.4864682,-0.48558435,45.69962,-24.417126,61.0193,-58.141212,26.915735,1.0041044,1.5393997,0.4207065,1.2842549,1.074184,1.821323,1.5018754,2.3176682,2.1793466,2.0928977,1.1310545,0.7892387,0.46808386,0.3825525,0.8806753,greater than 0.02356751225
1.9748323,0.86082447,1.9947909,2.0119817,-2.0071218,-0.28848282,0.12527756,-2.2360198,-1.8526076,0.31863236,-1.3984603,0.20236,75.454254,47.013275,42.24234,19.230473,21.343863,1.5138628,2.3353913,2.2663236,0.94913924,1.6240001,1.3853124,0.32514465,0.88698566,1.4702493,1.4951292,0.8066555,2.1452777,0.312754,2.3146684,0.5456848,greater than 0.02356751225
0.74545217,0.7916153,-1.5035475,-0.82368207,-1.4465537,-1.1015909,-2.167579,-0.7836935,2.1328015,1.6860418,-0.5030824,-1.9729749,59.733486,30.915476,19.761547,9.181562,67.70371,1.5236286,1.0570307,1.9258349,0.2891338,1.478393,1.990825,0.7627509,1.4520158,0.6607053,0.96893954,1.4001931,0.6500854,0.68660915,2.2560983,2.1570363,less than -0.023711622
0.0003814327,-2.096169,-0.7807826,-2.0339782,0.88409936,-2.120945,-0.8047527,1.356364,1.0859425,0.5488243,-1.2823606,-0.19195302,-7.178121,-65.29198,5.9577,11.858755,-11.182282,0.8664038,2.2666936,1.9264542,1.3213485,2.0875025,0.7242215,1.5690616,1.1884397,1.2984422,0.36226743,1.3619514,0.9559431,2.2209756,1.7543516,0.86558807,less than -0.023711622
1.6657888,-1.1573071,2.265563,0.77709943,-2.3508086,-1.788367,-1.7327156,-1.362241,0.5793434,0.7795485,-1.5778462,-1.142124,24.933432,27.70208,78.72337,23.741478,65.03087,1.5658307,0.8561588,1.3571136,1.2795918,0.9243027,1.9308177,0.36606568,2.0387914,0.32234997,1.9029958,1.0929555,0.2616139,0.70645213,0.47063473,0.29606292,greater than 0.02356751225
-0.94094104,-0.015587501,1.6697348,0.8832486,1.3778205,1.3574169,-1.820298,-0.7709587,1.2684635,2.2723765,-1.7186297,-1.2442529,-33.08271,-24.556225,4.33075,21.820147,43.17675,0.2545564,1.2001753,0.6520381,2.4807172,1.4125782,1.3687754,1.7286779,1.5406375,0.90238065,1.590076,0.5884337,2.3496041,1.8490813,1.3307143,1.0252701,greater than 0.02356751225
1.2323586,-0.23303676,1.8868821,-1.1275914,-1.2962472,1.4783838,0.74117357,0.6667214,-0.32180747,1.3267546,-1.1263225,-1.9484332,6.8437614,73.611465,71.83,-60.677284,69.61909,2.3518925,0.2760038,1.9469049,0.98346436,1.4732617,1.7540231,0.39402628,1.4276611,1.1704972,2.0357246,2.2447016,1.6600186,0.39562798,0.5859775,2.3949866,greater than 0.02356751225
1.8708264,1.2274135,-2.0401132,0.58337665,-0.07062324,-1.4092859,-1.1709111,2.018468,-1.5812931,-1.9589086,0.1743263,1.696972,-9.82448,43.400906,31.14106,11.747561,14.4821615,1.463319,1.8972942,0.4282919,1.5767053,0.6645445,2.0310335,1.6433307,0.44018075,0.5431919,0.32374346,2.0904,0.96780246,2.4705548,1.3898835,0.56962425,between -0.023711622 and -0.00016276260500000002
1.493949,2.1760464,0.09475565,-0.67327505,-0.03497352,-0.042035084,0.8217046,1.4455067,-1.7075875,2.2256417,-0.85419136,-0.75543374,59.68538,41.36671,-66.549324,-43.404045,49.133163,0.5169518,2.1171515,1.6938403,2.011008,0.9486763,0.30364066,0.5297838,0.80451816,2.1572003,1.2112852,2.0121596,2.1042328,0.7693758,0.37990487,1.0957538,less than -0.023711622
0.74150497,-0.033607278,1.2721375,0.47304067,1.9041468,-2.013626,-1.8052483,1.7897627,0.0131824035,-0.93281955,0.74178326,0.24554771,-20.375057,66.23779,-23.442522,64.66191,-62.07575,2.1308112,1.3159316,1.9639063,0.24873194,2.332285,2.3734336,0.90455824,0.3788897,2.0347567,0.77638304,0.917879,1.5459594,1.2041537,1.7604127,0.6608388,less than -0.023711622
1.8659462,-1.7764337,-1.6911345,-0.90125096,2.0671852,-0.7310225,-2.1290002,0.983716,-0.5838602,-0.53918,0.40262878,-2.1474147,41.978535,40.84561,4.240651,52.076736,37.204998,2.389304,0.40235615,2.4086807,1.7796049,1.1255742,1.143046,1.7027352,0.8459935,2.3688092,1.9984328,0.4849622,0.38241518,2.3853126,0.97007674,1.6291096,greater than 0.02356751225
1.6210897,1.647156,-1.2381216,2.0639906,1.4582424,-0.96140957,1.4471147,1.7607484,-0.9262573,-0.69770676,-1.3317932,1.6974239,-21.361374,73.786476,-11.848361,-15.530738,52.24157,2.1255498,1.9305382,1.4041516,1.2697405,1.4720751,1.3837587,2.113153,1.2638894,1.7015661,0.7539086,1.2425704,2.3991482,2.260722,0.4105376,1.0270061,greater than 0.02356751225
0.34347564,-1.0874124,-1.0260086,0.6821439,0.9584719,1.9464179,-0.8140663,-1.8714952,0.98192406,-0.48646864,-1.4723041,-1.4934403,5.643351,-56.919968,-14.752969,63.369495,-53.861153,1.381897,2.060159,1.6548052,1.2396498,0.37925804,1.6303957,2.2090614,2.0650008,0.60526067,0.4774988,2.0879772,2.422072,0.6961333,1.4802399,1.552027,less than -0.023711622
2.1794953,0.93638843,0.259633,-0.8037396,1.0282838,-1.1738617,1.6004544,-1.4357643,-1.4093953,1.9150915,-0.6261471,-2.0910673,20.669273,-68.12249,61.56411,-54.589256,48.175766,0.468006,1.6994506,0.6557169,2.0521135,1.0689361,1.8075569,1.6172312,1.6094925,1.2272695,1.6733139,1.2212677,1.1264395,2.2236588,2.0539892,2.0180523,greater than 0.02356751225
1.3890418,-1.5961317,1.0587237,0.0077116517,-0.0037380997,-1.3071556,-0.119491145,0.7803388,-1.7987026,-0.24237446,0.9842083,-1.4910378,-18.819407,25.898224,33.947098,69.540634,74.171844,1.6946564,1.5605155,2.057928,0.84363294,0.35634944,2.3786716,1.5764412,2.4307442,2.2800984,2.0186522,2.2563732,1.6892029,1.7018069,1.6292506,1.0258949,less than -0.023711622
-0.08384864,-0.35194686,-1.1938536,-0.3924119,-0.5058968,2.0347211,1.8534247,2.1013892,-1.8036898,1.5899023,1.6873382,0.19715719,-42.927433,13.752346,-3.4423304,-56.09425,-21.470917,1.5512255,0.6605388,1.9269491,1.6006484,0.60138816,0.80703706,0.5548514,1.1418902,0.7075778,2.1185899,0.57138044,2.4473207,0.5802478,1.5508449,0.67333764,greater than 0.02356751225
-2.2985241,-1.0952303,1.076409,-0.35324144,-0.59132826,-2.0005217,-1.9160129,1.2979432,1.2432667,0.09255964,-0.5782834,0.94718796,14.490371,61.895203,45.09315,52.65412,-72.84504,2.1882124,0.65888256,2.2975597,2.3375726,1.7336204,0.54316133,0.9642072,1.330816,0.511137,0.8168214,1.7674459,2.4583232,0.9411762,2.104491,0.6774213,less than -0.023711622
0.33348864,1.6025876,-1.9045742,1.4197848,-0.33812675,-0.60135704,2.0373387,-2.227472,-0.12526521,0.027358238,1.2043442,-1.0970265,69.33175,-4.6971755,32.759926,68.87911,-34.302734,1.4448615,1.0865356,0.4638767,0.56889975,1.7072775,2.1563914,1.0406638,2.4771073,1.0164685,1.5781751,1.7958927,0.70223147,1.4134198,2.3087435,2.1437564,less than -0.023711622
1.9349312,0.53918767,1.7621437,-2.2238357,1.1779268,2.1691718,1.5195363,0.40981305,2.0933602,0.7482494,0.22623831,-1.7782869,-40.17132,-27.855759,40.56132,-14.105817,64.08925,0.24183336,0.7719324,1.1713439,1.8394656,2.0543947,0.71129984,2.0374281,0.94555026,0.56643826,1.2215209,0.8208669,2.2892215,1.548709,0.6217721,0.6350551,greater than 0.02356751225
2.1244128,-0.09356755,0.22781163,-0.35121873,2.0810816,2.1653664,0.615107,-0.5709558,-1.1943337,0.9161346,0.488479,1.3216738,-48.112316,-10.780909,23.93459,-31.198376,-2.789625,2.1886182,1.7536702,2.3476133,1.2716641,1.093925,0.65936136,1.1901243,1.6263816,1.1027097,0.8299586,2.3333297,2.4532752,1.9518805,0.3164693,2.0361645,less than -0.023711622
-0.52896535,-1.0992368,0.8886421,1.6725307,-1.5466799,1.8824505,1.7962056,-1.2573779,-1.4980382,-0.33860946,0.43490046,-1.4260099,-61.63457,-40.180683,10.955429,32.387253,37.69335,0.35268095,0.73920625,1.9707669,0.70038956,1.2371554,1.9840336,1.3678656,1.0855108,0.73524773,2.3855264,1.1774426,1.9400324,0.5753484,1.556453,1.1789807,less than -0.023711622
0.40506846,1.8257006,-0.0787097,0.56945014,-1.6420155,-2.1231642,-1.1187342,-2.0896862,0.5203625,1.6076992,-0.22722928,2.0357363,-37.240993,-39.425716,-48.527008,-31.31282,-7.7277756,1.2895433,1.1260784,2.2114038,0.5706309,2.074042,1.2081321,1.0341294,0.85079366,1.923297,1.8843445,1.6798596,1.0512462,0.4976363,1.3177931,1.0403496,greater than 0.02356751225
-2.3494942,2.1090946,1.2653399,-1.9434505,-1.7034254,1.7226298,-0.41802874,-0.7948892,0.22710839,1.8072568,-0.31363136,-0.6219504,-42.718998,-72.793526,41.27924,60.63499,-12.316601,1.1564496,0.5011817,1.3010696,2.2418733,1.232091,2.0515702,2.3498898,1.4953228,1.4398757,0.977604,1.575564,1.0711294,2.0255723,0.8990354,1.2330356,less than -0.023711622
1.9893242,-1.9886076,-1.1465384,0.8664299,-1.4928284,-0.7311615,1.8766686,-2.2255142,0.83651114,1.7453496,1.4701412,-1.6733102,54.222992,74.451294,-0.51010096,27.618483,33.08656,0.8804296,2.4915762,1.5146587,1.7443151,1.5101414,2.4439087,2.0732515,2.2577472,0.8506903,2.3923452,0.6506248,1.0229051,2.3959796,1.9758054,0.77615464,less than -0.023711622
0.14519605,2.3749096,-0.9288263,1.44945,-1.0787563,1.974788,-0.5500749,-1.4646785,-1.2184309,-1.6487107,0.7487618,-1.3913897,3.440051,51.204914,-59.328613,28.712856,48.524143,1.057381,1.9461746,1.5328517,0.8836691,1.0802336,2.4996672,1.1185595,1.8397996,1.617481,1.6381845,0.68300873,2.1474354,1.2033422,1.0538415,0.49688232,between -0.023711622 and -0.00016276260500000002
-1.9625087,0.4622119,0.46009287,2.2650144,0.0043165823,-0.76321113,1.1863716,-2.2605822,-2.131744,0.47118697,1.1736834,-0.4643877,64.18224,12.228523,-30.93102,44.875538,-34.002747,0.8559282,2.3469431,1.2984102,0.5528952,1.8578242,0.8113124,0.49742535,0.3245936,1.3578808,1.8404201,1.6594876,1.9423238,0.6019046,0.44546357,0.5373133,less than -0.023711622
0.30770358,2.0156431,0.036730956,-2.0967927,1.2198949,-2.198056,1.6948105,2.3641663,1.9194376,1.0240327,1.5555347,-1.1598924,53.67715,15.554509,72.60497,53.869625,4.05248,2.042086,1.9677465,1.5577596,0.28541917,0.69117945,1.2061511,0.7490129,0.4434851,1.7128671,2.2554421,0.68395513,2.2347612,1.6240994,1.3994683,2.444178,less than -0.023711622
-0.07385589,1.8505411,2.3556008,-1.8126942,-1.9001334,-0.44075015,1.780965,1.0551814,-2.317265,0.85981876,1.2915355,-0.9281645,64.42345,35.334187,-71.5803,-16.912231,70.05564,0.84634763,2.109268,0.2673908,2.0318794,0.86717075,1.7999616,1.839852,0.3363686,0.2989377,0.7077051,2.3118155,2.3908627,2.409491,1.5878761,1.2667717,between -0.023711622 and -0.00016276260500000002
